{
  "properties": {
    "connectionReferences": {
      "shared_commondataserviceforapps_1": {
        "runtimeSource": "embedded",
        "connection": {
          "connectionReferenceLogicalName": "mshied_sharedcommondataserviceforapps_9470b"
        },
        "api": {
          "name": "shared_commondataserviceforapps"
        }
      }
    },
    "definition": {
      "$schema": "https://schema.management.azure.com/providers/Microsoft.Logic/schemas/2016-06-01/workflowdefinition.json#",
      "contentVersion": "1.0.0.0",
      "parameters": {
        "$connections": {
          "defaultValue": {},
          "type": "Object"
        },
        "$authentication": {
          "defaultValue": {},
          "type": "SecureObject"
        }
      },
      "triggers": {
        "When_a_row_is_added,_modified_or_deleted": {
          "metadata": {
            "operationMetadataId": "55bf5a37-3ca3-42ad-98bf-b9cdcd8a908a"
          },
          "type": "OpenApiConnectionWebhook",
          "inputs": {
            "host": {
              "connectionName": "shared_commondataserviceforapps_1",
              "operationId": "SubscribeWebhookTrigger",
              "apiId": "/providers/Microsoft.PowerApps/apis/shared_commondataserviceforapps"
            },
            "parameters": {
              "subscriptionRequest/message": 4,
              "subscriptionRequest/entityname": "mshied_bellscheduletime",
              "subscriptionRequest/scope": 4,
              "subscriptionRequest/filteringattributes": "mshied_starthours,mshied_startminutes,mshied_startmeridiem,mshied_endhours,mshied_endminutes,mshied_endmeridiem"
            },
            "authentication": "@parameters('$authentication')"
          }
        }
      },
      "actions": {
        "Get_a_row_by_ID": {
          "runAfter": {},
          "metadata": {
            "operationMetadataId": "9ad73174-0c1d-4496-9e83-8fff4d4e3e58"
          },
          "type": "OpenApiConnection",
          "inputs": {
            "host": {
              "connectionName": "shared_commondataserviceforapps_1",
              "operationId": "GetItem",
              "apiId": "/providers/Microsoft.PowerApps/apis/shared_commondataserviceforapps"
            },
            "parameters": {
              "entityName": "mshied_bellscheduletimes",
              "recordId": "@triggerOutputs()?['body/mshied_bellscheduletimeid']"
            },
            "authentication": "@parameters('$authentication')"
          }
        },
        "Initialize_Todays_Date_variable": {
          "runAfter": {
            "Get_a_row_by_ID": [
              "Succeeded"
            ]
          },
          "metadata": {
            "operationMetadataId": "49ff4726-c60f-4c59-99fc-267f91397b63"
          },
          "type": "InitializeVariable",
          "inputs": {
            "variables": [
              {
                "name": "Todays Date",
                "type": "string",
                "value": "@{formatDateTime(utcNow(), 'yyyy-MM-dd')}"
              }
            ]
          }
        },
        "Initialize_Start_Hours": {
          "runAfter": {
            "Initialize_Todays_Date_variable": [
              "Succeeded"
            ]
          },
          "metadata": {
            "operationMetadataId": "7e752813-2312-4255-94ed-277499671642"
          },
          "type": "InitializeVariable",
          "inputs": {
            "variables": [
              {
                "name": "Start Hours",
                "type": "integer",
                "value": 0
              }
            ]
          }
        },
        "Initialize_End_Hours": {
          "runAfter": {
            "Initialize_Todays_Date_variable": [
              "Succeeded"
            ]
          },
          "metadata": {
            "operationMetadataId": "c8ad2ebf-c3ed-4cfe-88d3-fca8e8cfdc15"
          },
          "type": "InitializeVariable",
          "inputs": {
            "variables": [
              {
                "name": "End Hours",
                "type": "integer",
                "value": 0
              }
            ]
          }
        },
        "Check_Start_Meridium": {
          "actions": {},
          "runAfter": {
            "Check_if_Start_Hours_Contains_contains_data": [
              "Succeeded"
            ]
          },
          "else": {
            "actions": {
              "Increment_Start_Hours_by_12": {
                "runAfter": {},
                "metadata": {
                  "operationMetadataId": "5f296a1a-2948-4c4b-8320-8924fb38b89d"
                },
                "type": "IncrementVariable",
                "inputs": {
                  "name": "Start Hours",
                  "value": 12
                }
              }
            }
          },
          "expression": {
            "contains": [
              "@outputs('Get_a_row_by_ID')?['body/mshied_startmeridiem@OData.Community.Display.V1.FormattedValue']",
              "AM"
            ]
          },
          "metadata": {
            "operationMetadataId": "7cf42d9e-de06-4acb-a3ee-ff43b9f4faf4"
          },
          "type": "If"
        },
        "Check_End_Meridium": {
          "actions": {},
          "runAfter": {
            "Check_if_End_Hours_Contains_contains_data_2": [
              "Succeeded"
            ]
          },
          "else": {
            "actions": {
              "Increment_variable": {
                "runAfter": {},
                "metadata": {
                  "operationMetadataId": "0b5939fb-5e76-4e0d-8f76-a9dbaeae4384"
                },
                "type": "IncrementVariable",
                "inputs": {
                  "name": "End Hours",
                  "value": 12
                }
              }
            }
          },
          "expression": {
            "contains": [
              "@outputs('Get_a_row_by_ID')?['body/mshied_endmeridiem@OData.Community.Display.V1.FormattedValue']",
              "AM"
            ]
          },
          "metadata": {
            "operationMetadataId": "7d40b125-f4cc-4af4-972b-a153f30c30e8"
          },
          "type": "If"
        },
        "Initialize_Start_Time_Hours_variable": {
          "runAfter": {
            "Check_Start_Meridium": [
              "Succeeded"
            ]
          },
          "metadata": {
            "operationMetadataId": "b97b6ba8-5d0f-4f61-a927-b6210b833fa4"
          },
          "type": "InitializeVariable",
          "inputs": {
            "variables": [
              {
                "name": "Start Time Hours",
                "type": "string",
                "value": "@{addHours(variables('Todays Date'), variables('Start Hours'))}"
              }
            ]
          }
        },
        "Initialize_End_Time_Hours_variable": {
          "runAfter": {
            "Check_End_Meridium": [
              "Succeeded"
            ]
          },
          "metadata": {
            "operationMetadataId": "f92c2a14-24b7-4738-a766-12ca20111e52"
          },
          "type": "InitializeVariable",
          "inputs": {
            "variables": [
              {
                "name": "End Time Hours",
                "type": "string",
                "value": "@{addHours(variables('Todays Date'), variables('End Hours'))}"
              }
            ]
          }
        },
        "Initialize_End_Time_variable": {
          "runAfter": {
            "Initialize_End_Time_Hours_variable": [
              "Succeeded"
            ]
          },
          "metadata": {
            "operationMetadataId": "b3b8081f-eb0c-4f0f-97b6-2c16fcfdcee0"
          },
          "type": "InitializeVariable",
          "inputs": {
            "variables": [
              {
                "name": "End Time",
                "type": "string",
                "value": "@{addMinutes(variables('End Time Hours'),0)}"
              }
            ]
          }
        },
        "Initialize_Start_Time_Ticks_variable": {
          "runAfter": {
            "Check_if_Start_Minutes_Contains_Data": [
              "Succeeded"
            ]
          },
          "metadata": {
            "operationMetadataId": "75931651-d50c-406d-b788-17764bc3be4c"
          },
          "type": "InitializeVariable",
          "inputs": {
            "variables": [
              {
                "name": "Start Time Ticks",
                "type": "integer",
                "value": "@ticks(variables('Start Time'))"
              }
            ]
          }
        },
        "Initialize_End_Time_Ticks_variable": {
          "runAfter": {
            "Check_if_End_Minutes_Contains_Data": [
              "Succeeded"
            ]
          },
          "metadata": {
            "operationMetadataId": "6998790a-4bed-4440-91a6-5fbacc314a83"
          },
          "type": "InitializeVariable",
          "inputs": {
            "variables": [
              {
                "name": "End Time Ticks",
                "type": "integer",
                "value": "@ticks(variables('End Time'))"
              }
            ]
          }
        },
        "Initialize_Duration_variable": {
          "runAfter": {
            "Initialize_Start_Time_Ticks_variable": [
              "Succeeded"
            ],
            "Initialize_End_Time_Ticks_variable": [
              "Succeeded"
            ]
          },
          "metadata": {
            "operationMetadataId": "ae98b20f-b6ef-4112-8795-869004d12f56"
          },
          "type": "InitializeVariable",
          "inputs": {
            "variables": [
              {
                "name": "Duration - Difference in Minutes",
                "type": "integer",
                "value": "@div(div(mul(sub(variables('End Time Ticks'),variables('Start Time Ticks')), 100), 1000000000), 60)"
              }
            ]
          }
        },
        "Update_a_row": {
          "runAfter": {
            "Initialize_Duration_variable": [
              "Succeeded"
            ]
          },
          "metadata": {
            "operationMetadataId": "d0fe1e53-639e-4526-9dcd-7de7101f081a"
          },
          "type": "OpenApiConnection",
          "inputs": {
            "host": {
              "connectionName": "shared_commondataserviceforapps_1",
              "operationId": "UpdateRecord",
              "apiId": "/providers/Microsoft.PowerApps/apis/shared_commondataserviceforapps"
            },
            "parameters": {
              "entityName": "mshied_bellscheduletimes",
              "recordId": "@outputs('Get_a_row_by_ID')?['body/mshied_bellscheduletimeid']",
              "item/mshied_totalinstructionaltime": "@variables('Duration - Difference in Minutes')"
            },
            "authentication": "@parameters('$authentication')"
          }
        },
        "Check_if_Start_Minutes_Contains_Data": {
          "actions": {
            "Set_Start_Time_Value": {
              "runAfter": {},
              "metadata": {
                "operationMetadataId": "c9eb9129-f9c9-4f6e-8471-6857b6c44c87"
              },
              "type": "SetVariable",
              "inputs": {
                "name": "Start Time",
                "value": "@{addMinutes(variables('Start Time Hours'), outputs('Get_a_row_by_ID')?['body/mshied_startminutes'])}"
              }
            }
          },
          "runAfter": {
            "Initialize_Start_Time_variable": [
              "Succeeded"
            ]
          },
          "expression": {
            "not": {
              "equals": [
                "@outputs('Get_a_row_by_ID')?['body/mshied_startminutes']",
                "@null"
              ]
            }
          },
          "metadata": {
            "operationMetadataId": "b5550b9c-b89c-476f-aeaa-b67c9383e159"
          },
          "type": "If"
        },
        "Initialize_Start_Time_variable": {
          "runAfter": {
            "Initialize_Start_Time_Hours_variable": [
              "Succeeded"
            ]
          },
          "metadata": {
            "operationMetadataId": "f17da1ca-90bf-49de-b094-fbcac30ccd10"
          },
          "type": "InitializeVariable",
          "inputs": {
            "variables": [
              {
                "name": "Start Time",
                "type": "string",
                "value": "@{addMinutes(variables('Start Time Hours'), 0)}"
              }
            ]
          }
        },
        "Check_if_End_Minutes_Contains_Data": {
          "actions": {
            "Set_variable": {
              "runAfter": {},
              "metadata": {
                "operationMetadataId": "732415b9-1cb6-4154-9b58-45286c596ec6"
              },
              "type": "SetVariable",
              "inputs": {
                "name": "End Time",
                "value": "@{addMinutes(variables('End Time Hours'),outputs('Get_a_row_by_ID')?['body/mshied_endminutes'])}"
              }
            }
          },
          "runAfter": {
            "Initialize_End_Time_variable": [
              "Succeeded"
            ]
          },
          "expression": {
            "not": {
              "equals": [
                "@outputs('Get_a_row_by_ID')?['body/mshied_endminutes']",
                "@null"
              ]
            }
          },
          "metadata": {
            "operationMetadataId": "031340c2-07be-4065-abe4-fcb536302013"
          },
          "type": "If"
        },
        "Check_if_Start_Hours_Contains_contains_data": {
          "actions": {
            "Set_Start_Time_Value_2": {
              "runAfter": {},
              "metadata": {
                "operationMetadataId": "c9eb9129-f9c9-4f6e-8471-6857b6c44c87"
              },
              "type": "SetVariable",
              "inputs": {
                "name": "Start Hours",
                "value": "@outputs('Get_a_row_by_ID')?['body/mshied_starthours']"
              }
            }
          },
          "runAfter": {
            "Initialize_Start_Hours": [
              "Succeeded"
            ]
          },
          "expression": {
            "not": {
              "equals": [
                "@outputs('Get_a_row_by_ID')?['body/mshied_starthours']",
                "@null"
              ]
            }
          },
          "metadata": {
            "operationMetadataId": "b5550b9c-b89c-476f-aeaa-b67c9383e159"
          },
          "type": "If"
        },
        "Check_if_End_Hours_Contains_contains_data_2": {
          "actions": {
            "Set_End_Hours": {
              "runAfter": {},
              "metadata": {
                "operationMetadataId": "c9eb9129-f9c9-4f6e-8471-6857b6c44c87"
              },
              "type": "SetVariable",
              "inputs": {
                "name": "End Hours",
                "value": "@outputs('Get_a_row_by_ID')?['body/mshied_endhours']"
              }
            }
          },
          "runAfter": {
            "Initialize_End_Hours": [
              "Succeeded"
            ]
          },
          "expression": {
            "not": {
              "equals": [
                "@outputs('Get_a_row_by_ID')?['body/mshied_endhours']",
                "@null"
              ]
            }
          },
          "metadata": {
            "operationMetadataId": "b5550b9c-b89c-476f-aeaa-b67c9383e159"
          },
          "type": "If"
        }
      }
    }
  },
  "schemaVersion": "1.0.0.0"
}