﻿<?xml version="1.0" encoding="utf-8"?>
<ImportExportXml xmlns:xsi="http://www.w3.org/2001/XMLSchema-instance">
  <Entities />
  <Roles />
  <Workflows />
  <FieldSecurityProfiles />
  <Templates />
  <EntityMaps />
  <EntityRelationships />
  <OrganizationSettings />
  <optionsets />
  <CustomControls />
  <EntityDataProviders />
  <CanvasApps>
    <CanvasApp>
      <Name>mshied_attendanceappk12_ac52b</Name>
      <AppVersion>2022-05-05T10:35:06Z</AppVersion>
      <Status>Ready</Status>
      <CreatedByClientVersion>3.20074.20.0</CreatedByClientVersion>
      <MinClientVersion>3.20074.20.0</MinClientVersion>
      <Tags>{"primaryDeviceWidth":"1366","primaryDeviceHeight":"768","sienaVersion":"e2e4a051-8942-479f-a3c5-6a79152db9bd","deviceCapabilities":"","supportsPortrait":"false","supportsLandscape":"true","primaryFormFactor":"Tablet","publisherVersion":"3.20074.20","minimumRequiredApiVersion":"2.2.0","hasComponent":"true","hasUnlockedComponent":"true","isUnifiedRootApp":"false"}</Tags>
      <IsCdsUpgraded>0</IsCdsUpgraded>
      <GalleryItemId xsi:nil="true"></GalleryItemId>
      <BackgroundColor>rgba(0, 176, 240, 1)</BackgroundColor>
      <DisplayName>K12 Attendance App</DisplayName>
      <Description></Description>
      <CommitMessage></CommitMessage>
      <Publisher></Publisher>
      <AuthorizationReferences xsi:nil="true"></AuthorizationReferences>
      <ConnectionReferences>{"976a04a4-a1fe-46a3-a785-fc46dadd4755":{"id":"/providers/microsoft.powerapps/apis/shared_office365users","displayName":"Office 365 Users","iconUri":"https://connectoricons-prod.azureedge.net/releases/v1.0.1573/1.0.1573.2770/office365users/icon.png","dataSources":["Office365Users"],"dependencies":[],"dependents":[],"parameterHints":{},"isOnPremiseConnection":false,"bypassConsent":false,"dataSets":{},"apiTier":"Standard"}}</ConnectionReferences>
      <DatabaseReferences>{"default.cds":{"databaseDetails":{"referenceType":"Environmental","environmentName":"default.cds"},"dataSources":{"Contacts":{"entitySetName":"contacts","logicalName":"contact"},"Courses":{"entitySetName":"mshied_courses","logicalName":"mshied_course"},"Flow Sessions":{"entitySetName":"flowsessions","logicalName":"flowsession"},"Course Section":{"entitySetName":"mshied_coursesections","logicalName":"mshied_coursesection"},"Users":{"entitySetName":"systemusers","logicalName":"systemuser"},"Test Scores":{"entitySetName":"mshied_testscores","logicalName":"mshied_testscore"},"Attendances":{"entitySetName":"mshied_attendances","logicalName":"mshied_attendance"},"Teams":{"entitySetName":"teams","logicalName":"team"},"Academic Periods":{"entitySetName":"mshied_academicperiods","logicalName":"mshied_academicperiod"},"Accounts":{"entitySetName":"accounts","logicalName":"account"}}}}</DatabaseReferences>
      <CanvasAppType>0</CanvasAppType>
      <BypassConsent>0</BypassConsent>
      <EmbeddedApp xsi:nil="true"></EmbeddedApp>
      <IntroducedVersion>1.0</IntroducedVersion>
      <CdsDependencies>{"cdsdependencies":[{"componenttype":1,"logicalname":"contact"},{"componenttype":1,"logicalname":"mshied_course"},{"componenttype":1,"logicalname":"flowsession"},{"componenttype":1,"logicalname":"mshied_coursesection"},{"componenttype":1,"logicalname":"systemuser"},{"componenttype":1,"logicalname":"mshied_testscore"},{"componenttype":1,"logicalname":"mshied_attendance"},{"componenttype":1,"logicalname":"team"},{"componenttype":1,"logicalname":"mshied_academicperiod"},{"componenttype":1,"logicalname":"account"}]}</CdsDependencies>
      <IsCustomizable>1</IsCustomizable>
      <BackgroundImageUri>/CanvasApps/mshied_attendanceappk12_ac52b_BackgroundImageUri</BackgroundImageUri>
      <DocumentUri>/CanvasApps/mshied_attendanceappk12_ac52b_DocumentUri.msapp</DocumentUri>
    </CanvasApp>
    <CanvasApp>
      <Name>mshied_k12attendanceappmobile_419c8</Name>
      <AppVersion>2022-05-05T10:35:13Z</AppVersion>
      <Status>Ready</Status>
      <CreatedByClientVersion>3.20053.24.0</CreatedByClientVersion>
      <MinClientVersion>3.20053.24.0</MinClientVersion>
      <Tags>{"primaryDeviceWidth":"640","primaryDeviceHeight":"1136","sienaVersion":"d467eb03-315a-4f8a-926a-a57f03c90eb8","deviceCapabilities":"","supportsPortrait":"true","supportsLandscape":"false","primaryFormFactor":"Phone","publisherVersion":"3.20053.24","minimumRequiredApiVersion":"2.2.0","hasComponent":"true","hasUnlockedComponent":"true","isUnifiedRootApp":"false"}</Tags>
      <IsCdsUpgraded>0</IsCdsUpgraded>
      <GalleryItemId xsi:nil="true"></GalleryItemId>
      <BackgroundColor>rgba(0, 176, 240, 1)</BackgroundColor>
      <DisplayName>K12 Attendance App - Mobile</DisplayName>
      <Description></Description>
      <CommitMessage></CommitMessage>
      <Publisher></Publisher>
      <AuthorizationReferences xsi:nil="true"></AuthorizationReferences>
      <ConnectionReferences>{"710b5ba4-1aff-4cbd-8ef3-467c48f15c98":{"id":"/providers/microsoft.powerapps/apis/shared_office365users","displayName":"Office 365 Users","iconUri":"https://connectoricons-prod.azureedge.net/releases/v1.0.1573/1.0.1573.2770/office365users/icon.png","dataSources":["Office365Users"],"dependencies":[],"dependents":[],"parameterHints":{},"isOnPremiseConnection":false,"bypassConsent":false,"dataSets":{},"apiTier":"Standard"}}</ConnectionReferences>
      <DatabaseReferences>{"default.cds":{"databaseDetails":{"referenceType":"Environmental","environmentName":"default.cds"},"dataSources":{"Contacts":{"entitySetName":"contacts","logicalName":"contact"},"Courses":{"entitySetName":"mshied_courses","logicalName":"mshied_course"},"Flow Sessions":{"entitySetName":"flowsessions","logicalName":"flowsession"},"Course Section":{"entitySetName":"mshied_coursesections","logicalName":"mshied_coursesection"},"Users":{"entitySetName":"systemusers","logicalName":"systemuser"},"Test Scores":{"entitySetName":"mshied_testscores","logicalName":"mshied_testscore"},"Attendances":{"entitySetName":"mshied_attendances","logicalName":"mshied_attendance"},"Teams":{"entitySetName":"teams","logicalName":"team"},"Academic Periods":{"entitySetName":"mshied_academicperiods","logicalName":"mshied_academicperiod"},"Accounts":{"entitySetName":"accounts","logicalName":"account"}}}}</DatabaseReferences>
      <CanvasAppType>0</CanvasAppType>
      <BypassConsent>0</BypassConsent>
      <EmbeddedApp xsi:nil="true"></EmbeddedApp>
      <IntroducedVersion>1.0</IntroducedVersion>
      <CdsDependencies>{"cdsdependencies":[{"componenttype":1,"logicalname":"contact"},{"componenttype":1,"logicalname":"mshied_course"},{"componenttype":1,"logicalname":"flowsession"},{"componenttype":1,"logicalname":"mshied_coursesection"},{"componenttype":1,"logicalname":"systemuser"},{"componenttype":1,"logicalname":"mshied_testscore"},{"componenttype":1,"logicalname":"mshied_attendance"},{"componenttype":1,"logicalname":"team"},{"componenttype":1,"logicalname":"mshied_academicperiod"},{"componenttype":1,"logicalname":"account"}]}</CdsDependencies>
      <IsCustomizable>1</IsCustomizable>
      <BackgroundImageUri>/CanvasApps/mshied_k12attendanceappmobile_419c8_BackgroundImageUri</BackgroundImageUri>
      <DocumentUri>/CanvasApps/mshied_k12attendanceappmobile_419c8_DocumentUri.msapp</DocumentUri>
    </CanvasApp>
    <CanvasApp>
      <Name>mshied_k12behaviormanagement_e24cc</Name>
      <AppVersion>2022-05-05T10:35:20Z</AppVersion>
      <Status>Ready</Status>
      <CreatedByClientVersion>3.20122.13.0</CreatedByClientVersion>
      <MinClientVersion>3.20122.13.0</MinClientVersion>
      <Tags>{"primaryDeviceWidth":"1366","primaryDeviceHeight":"768","sienaVersion":"faebba8d-7d4c-4534-ac67-900246c8bf22","deviceCapabilities":"","supportsPortrait":"false","supportsLandscape":"true","primaryFormFactor":"Tablet","publisherVersion":"3.20122.13","minimumRequiredApiVersion":"2.2.0","hasComponent":"true","hasUnlockedComponent":"true","isUnifiedRootApp":"false"}</Tags>
      <IsCdsUpgraded>0</IsCdsUpgraded>
      <GalleryItemId xsi:nil="true"></GalleryItemId>
      <BackgroundColor>rgba(0, 176, 240, 1)</BackgroundColor>
      <DisplayName>K12 Behavior Management</DisplayName>
      <Description></Description>
      <CommitMessage></CommitMessage>
      <Publisher></Publisher>
      <AuthorizationReferences xsi:nil="true"></AuthorizationReferences>
      <ConnectionReferences>{"9d74d958-c208-4739-98c5-52ce61a7db11":{"id":"/providers/microsoft.powerapps/apis/shared_office365","displayName":"Office 365 Outlook","iconUri":"https://connectoricons-prod.azureedge.net/releases/v1.0.1573/1.0.1573.2770/office365/icon.png","dataSources":["Office365Outlook"],"dependencies":[],"dependents":[],"parameterHints":{},"isOnPremiseConnection":false,"bypassConsent":false,"dataSets":{},"apiTier":"Standard"}}</ConnectionReferences>
      <DatabaseReferences>{"default.cds":{"databaseDetails":{"referenceType":"Environmental","environmentName":"default.cds"},"dataSources":{"Contacts":{"entitySetName":"contacts","logicalName":"contact"},"Behavior Incidents":{"entitySetName":"mshied_behaviorincidents","logicalName":"mshied_behaviorincident"},"Incident Types":{"entitySetName":"mshied_incidenttypes","logicalName":"mshied_incidenttype"},"Academic Periods":{"entitySetName":"mshied_academicperiods","logicalName":"mshied_academicperiod"},"Incident Actions":{"entitySetName":"mshied_incidentactions","logicalName":"mshied_incidentaction"},"Users":{"entitySetName":"systemusers","logicalName":"systemuser"},"Attendances":{"entitySetName":"mshied_attendances","logicalName":"mshied_attendance"},"Social Activities":{"entitySetName":"socialactivities","logicalName":"socialactivity"},"Courses":{"entitySetName":"mshied_courses","logicalName":"mshied_course"},"Course Section":{"entitySetName":"mshied_coursesections","logicalName":"mshied_coursesection"}}}}</DatabaseReferences>
      <CanvasAppType>0</CanvasAppType>
      <BypassConsent>0</BypassConsent>
      <EmbeddedApp xsi:nil="true"></EmbeddedApp>
      <IntroducedVersion>1.0</IntroducedVersion>
      <CdsDependencies>{"cdsdependencies":[{"componenttype":1,"logicalname":"contact"},{"componenttype":1,"logicalname":"mshied_behaviorincident"},{"componenttype":1,"logicalname":"mshied_incidenttype"},{"componenttype":1,"logicalname":"mshied_academicperiod"},{"componenttype":1,"logicalname":"mshied_incidentaction"},{"componenttype":1,"logicalname":"systemuser"},{"componenttype":1,"logicalname":"mshied_attendance"},{"componenttype":1,"logicalname":"socialactivity"},{"componenttype":1,"logicalname":"mshied_course"},{"componenttype":1,"logicalname":"mshied_coursesection"}]}</CdsDependencies>
      <IsCustomizable>1</IsCustomizable>
      <BackgroundImageUri>/CanvasApps/mshied_k12behaviormanagement_e24cc_BackgroundImageUri</BackgroundImageUri>
      <DocumentUri>/CanvasApps/mshied_k12behaviormanagement_e24cc_DocumentUri.msapp</DocumentUri>
    </CanvasApp>
  </CanvasApps>
  <Languages>
    <Language>1033</Language>
  </Languages>
</ImportExportXml>