﻿<?xml version="1.0" encoding="utf-8"?>
<ImportExportXml version="9.2.22102.194" SolutionPackageVersion="9.2" languagecode="1033" generatedBy="CrmLive" xmlns:xsi="http://www.w3.org/2001/XMLSchema-instance">
  <SolutionManifest>
    <UniqueName>EducationAcceleratorK12CanvasApps</UniqueName>
    <LocalizedNames>
      <LocalizedName description="Education Accelerator K12 Canvas Apps" languagecode="1033" />
    </LocalizedNames>
    <Descriptions />
    <Version>5.0.3.0</Version>
    <Managed>1</Managed>
    <Publisher>
      <UniqueName>educationacceleratorcommon</UniqueName>
      <LocalizedNames>
        <LocalizedName description="Dynamics 365 Education" languagecode="1033" />
      </LocalizedNames>
      <Descriptions>
        <Description description="Education Accelerator Common" languagecode="1033" />
      </Descriptions>
      <EMailAddress xsi:nil="true"></EMailAddress>
      <SupportingWebsiteUrl xsi:nil="true"></SupportingWebsiteUrl>
      <CustomizationPrefix>mshied</CustomizationPrefix>
      <CustomizationOptionValuePrefix>49428</CustomizationOptionValuePrefix>
      <Addresses>
        <Address>
          <AddressNumber>1</AddressNumber>
          <AddressTypeCode>1</AddressTypeCode>
          <City xsi:nil="true"></City>
          <County xsi:nil="true"></County>
          <Country xsi:nil="true"></Country>
          <Fax xsi:nil="true"></Fax>
          <FreightTermsCode xsi:nil="true"></FreightTermsCode>
          <ImportSequenceNumber xsi:nil="true"></ImportSequenceNumber>
          <Latitude xsi:nil="true"></Latitude>
          <Line1 xsi:nil="true"></Line1>
          <Line2 xsi:nil="true"></Line2>
          <Line3 xsi:nil="true"></Line3>
          <Longitude xsi:nil="true"></Longitude>
          <Name xsi:nil="true"></Name>
          <PostalCode xsi:nil="true"></PostalCode>
          <PostOfficeBox xsi:nil="true"></PostOfficeBox>
          <PrimaryContactName xsi:nil="true"></PrimaryContactName>
          <ShippingMethodCode>1</ShippingMethodCode>
          <StateOrProvince xsi:nil="true"></StateOrProvince>
          <Telephone1 xsi:nil="true"></Telephone1>
          <Telephone2 xsi:nil="true"></Telephone2>
          <Telephone3 xsi:nil="true"></Telephone3>
          <TimeZoneRuleVersionNumber xsi:nil="true"></TimeZoneRuleVersionNumber>
          <UPSZone xsi:nil="true"></UPSZone>
          <UTCOffset xsi:nil="true"></UTCOffset>
          <UTCConversionTimeZoneCode xsi:nil="true"></UTCConversionTimeZoneCode>
        </Address>
        <Address>
          <AddressNumber>2</AddressNumber>
          <AddressTypeCode>1</AddressTypeCode>
          <City xsi:nil="true"></City>
          <County xsi:nil="true"></County>
          <Country xsi:nil="true"></Country>
          <Fax xsi:nil="true"></Fax>
          <FreightTermsCode xsi:nil="true"></FreightTermsCode>
          <ImportSequenceNumber xsi:nil="true"></ImportSequenceNumber>
          <Latitude xsi:nil="true"></Latitude>
          <Line1 xsi:nil="true"></Line1>
          <Line2 xsi:nil="true"></Line2>
          <Line3 xsi:nil="true"></Line3>
          <Longitude xsi:nil="true"></Longitude>
          <Name xsi:nil="true"></Name>
          <PostalCode xsi:nil="true"></PostalCode>
          <PostOfficeBox xsi:nil="true"></PostOfficeBox>
          <PrimaryContactName xsi:nil="true"></PrimaryContactName>
          <ShippingMethodCode>1</ShippingMethodCode>
          <StateOrProvince xsi:nil="true"></StateOrProvince>
          <Telephone1 xsi:nil="true"></Telephone1>
          <Telephone2 xsi:nil="true"></Telephone2>
          <Telephone3 xsi:nil="true"></Telephone3>
          <TimeZoneRuleVersionNumber xsi:nil="true"></TimeZoneRuleVersionNumber>
          <UPSZone xsi:nil="true"></UPSZone>
          <UTCOffset xsi:nil="true"></UTCOffset>
          <UTCConversionTimeZoneCode xsi:nil="true"></UTCConversionTimeZoneCode>
        </Address>
      </Addresses>
    </Publisher>
    <RootComponents>
      <RootComponent type="300" schemaName="mshied_attendanceappk12_ac52b" behavior="0" />
      <RootComponent type="300" schemaName="mshied_k12attendanceappmobile_419c8" behavior="0" />
      <RootComponent type="300" schemaName="mshied_k12behaviormanagement_e24cc" behavior="0" />
    </RootComponents>
    <MissingDependencies>
      <MissingDependency>
        <Required type="1" schemaName="flowsession" displayName="Flow Session" solution="MicrosoftFlowExtensionsCore (1.4.5.0)">
          <package>MicrosoftFlowExtensionsAnchor (1.4.5.0)</package>
        </Required>
        <Dependent type="300" schemaName="mshied_attendanceappk12_ac52b" displayName="K12 Attendance App" />
      </MissingDependency>
      <MissingDependency>
        <Required type="1" schemaName="flowsession" displayName="Flow Session" solution="MicrosoftFlowExtensionsCore (1.4.5.0)">
          <package>MicrosoftFlowExtensionsAnchor (1.4.5.0)</package>
        </Required>
        <Dependent type="300" schemaName="mshied_k12attendanceappmobile_419c8" displayName="K12 Attendance App - Mobile" />
      </MissingDependency>
      <MissingDependency>
        <Required type="1" schemaName="mshied_academicperiod" displayName="Academic Period" solution="EducationAcceleratorCommon (4.0.3.65)" />
        <Dependent type="300" schemaName="mshied_attendanceappk12_ac52b" displayName="K12 Attendance App" />
      </MissingDependency>
      <MissingDependency>
        <Required type="1" schemaName="mshied_academicperiod" displayName="Academic Period" solution="EducationAcceleratorCommon (4.0.3.65)" />
        <Dependent type="300" schemaName="mshied_k12attendanceappmobile_419c8" displayName="K12 Attendance App - Mobile" />
      </MissingDependency>
      <MissingDependency>
        <Required type="1" schemaName="mshied_academicperiod" displayName="Academic Period" solution="EducationAcceleratorCommon (4.0.3.65)" />
        <Dependent type="300" schemaName="mshied_k12behaviormanagement_e24cc" displayName="K12 Behavior Management" />
      </MissingDependency>
      <MissingDependency>
        <Required type="1" schemaName="mshied_attendance" displayName="Attendance" solution="EducationAcceleratorCommon (4.0.3.65)" />
        <Dependent type="300" schemaName="mshied_attendanceappk12_ac52b" displayName="K12 Attendance App" />
      </MissingDependency>
      <MissingDependency>
        <Required type="1" schemaName="mshied_attendance" displayName="Attendance" solution="EducationAcceleratorCommon (4.0.3.65)" />
        <Dependent type="300" schemaName="mshied_k12attendanceappmobile_419c8" displayName="K12 Attendance App - Mobile" />
      </MissingDependency>
      <MissingDependency>
        <Required type="1" schemaName="mshied_attendance" displayName="Attendance" solution="EducationAcceleratorCommon (4.0.3.65)" />
        <Dependent type="300" schemaName="mshied_k12behaviormanagement_e24cc" displayName="K12 Behavior Management" />
      </MissingDependency>
      <MissingDependency>
        <Required type="1" schemaName="mshied_behaviorincident" displayName="Behavior Incident" solution="EducationAcceleratorCommon (4.0.3.65)" />
        <Dependent type="300" schemaName="mshied_k12behaviormanagement_e24cc" displayName="K12 Behavior Management" />
      </MissingDependency>
      <MissingDependency>
        <Required type="1" schemaName="mshied_course" displayName="Course" solution="EducationAcceleratorCommon (4.0.3.65)" />
        <Dependent type="300" schemaName="mshied_attendanceappk12_ac52b" displayName="K12 Attendance App" />
      </MissingDependency>
      <MissingDependency>
        <Required type="1" schemaName="mshied_course" displayName="Course" solution="EducationAcceleratorCommon (4.0.3.65)" />
        <Dependent type="300" schemaName="mshied_k12attendanceappmobile_419c8" displayName="K12 Attendance App - Mobile" />
      </MissingDependency>
      <MissingDependency>
        <Required type="1" schemaName="mshied_course" displayName="Course" solution="EducationAcceleratorCommon (4.0.3.65)" />
        <Dependent type="300" schemaName="mshied_k12behaviormanagement_e24cc" displayName="K12 Behavior Management" />
      </MissingDependency>
      <MissingDependency>
        <Required type="1" schemaName="mshied_coursesection" displayName="Course Section" solution="EducationAcceleratorCommon (4.0.3.65)" />
        <Dependent type="300" schemaName="mshied_attendanceappk12_ac52b" displayName="K12 Attendance App" />
      </MissingDependency>
      <MissingDependency>
        <Required type="1" schemaName="mshied_coursesection" displayName="Course Section" solution="EducationAcceleratorCommon (4.0.3.65)" />
        <Dependent type="300" schemaName="mshied_k12attendanceappmobile_419c8" displayName="K12 Attendance App - Mobile" />
      </MissingDependency>
      <MissingDependency>
        <Required type="1" schemaName="mshied_coursesection" displayName="Course Section" solution="EducationAcceleratorCommon (4.0.3.65)" />
        <Dependent type="300" schemaName="mshied_k12behaviormanagement_e24cc" displayName="K12 Behavior Management" />
      </MissingDependency>
      <MissingDependency>
        <Required type="1" schemaName="mshied_incidentaction" displayName="Incident Action" solution="EducationAcceleratorCommon (4.0.3.65)" />
        <Dependent type="300" schemaName="mshied_k12behaviormanagement_e24cc" displayName="K12 Behavior Management" />
      </MissingDependency>
      <MissingDependency>
        <Required type="1" schemaName="mshied_incidenttype" displayName="Incident Type" solution="EducationAcceleratorCommon (4.0.3.65)" />
        <Dependent type="300" schemaName="mshied_k12behaviormanagement_e24cc" displayName="K12 Behavior Management" />
      </MissingDependency>
      <MissingDependency>
        <Required type="1" schemaName="mshied_testscore" displayName="Test Score" solution="EducationAcceleratorCommon (4.0.3.65)" />
        <Dependent type="300" schemaName="mshied_attendanceappk12_ac52b" displayName="K12 Attendance App" />
      </MissingDependency>
      <MissingDependency>
        <Required type="1" schemaName="mshied_testscore" displayName="Test Score" solution="EducationAcceleratorCommon (4.0.3.65)" />
        <Dependent type="300" schemaName="mshied_k12attendanceappmobile_419c8" displayName="K12 Attendance App - Mobile" />
      </MissingDependency>
    </MissingDependencies>
  </SolutionManifest>
</ImportExportXml>