{
  "properties": {
    "connectionReferences": {
      "shared_commondataserviceforapps": {
        "runtimeSource": "embedded",
        "connection": {
          "connectionReferenceLogicalName": "mshied_sharedcommondataserviceforapps_124f1"
        },
        "api": {
          "name": "shared_commondataserviceforapps"
        }
      }
    },
    "definition": {
      "$schema": "https://schema.management.azure.com/providers/Microsoft.Logic/schemas/2016-06-01/workflowdefinition.json#",
      "contentVersion": "1.0.0.0",
      "parameters": {
        "$connections": {
          "defaultValue": {},
          "type": "Object"
        },
        "$authentication": {
          "defaultValue": {},
          "type": "SecureObject"
        }
      },
      "triggers": {
        "When_an_Appointment_Record_is_created_or_Updated": {
          "metadata": {
            "operationMetadataId": "7e3c4e9d-d4b4-4da6-9754-b50ce709c8f7"
          },
          "type": "OpenApiConnectionWebhook",
          "inputs": {
            "host": {
              "connectionName": "shared_commondataserviceforapps",
              "operationId": "SubscribeWebhookTrigger",
              "apiId": "/providers/Microsoft.PowerApps/apis/shared_commondataserviceforapps"
            },
            "parameters": {
              "subscriptionRequest/message": 4,
              "subscriptionRequest/entityname": "appointment",
              "subscriptionRequest/scope": 4,
              "subscriptionRequest/filteringattributes": "mshied_appointmentstatus",
              "subscriptionRequest/name": "16b5ffe3-a608-eb11-a813-0022480822ca"
            },
            "authentication": "@parameters('$authentication')"
          }
        }
      },
      "actions": {
        "Updated_StateCode_StatusCode_based_on_Appointment_Status": {
          "actions": {
            "Update_StatusCode_and_StateCode_fields": {
              "runAfter": {},
              "metadata": {
                "operationMetadataId": "8e1ea830-5ec2-41ed-91b2-a50223c6e2ea"
              },
              "type": "OpenApiConnection",
              "inputs": {
                "host": {
                  "connectionName": "shared_commondataserviceforapps",
                  "operationId": "UpdateRecord",
                  "apiId": "/providers/Microsoft.PowerApps/apis/shared_commondataserviceforapps"
                },
                "parameters": {
                  "entityName": "appointments",
                  "recordId": "@triggerOutputs()?['body/activityid']",
                  "item/statuscode": 5,
                  "item/statecode": 3
                },
                "authentication": "@parameters('$authentication')"
              }
            }
          },
          "runAfter": {},
          "else": {
            "actions": {
              "Update_StatusCode_and_StateCode_fields_if_it's_not_scheduled": {
                "runAfter": {},
                "metadata": {
                  "operationMetadataId": "ae5bdf5f-ab70-4612-9237-bc8e976f7888"
                },
                "type": "OpenApiConnection",
                "inputs": {
                  "host": {
                    "connectionName": "shared_commondataserviceforapps",
                    "operationId": "UpdateRecord",
                    "apiId": "/providers/Microsoft.PowerApps/apis/shared_commondataserviceforapps"
                  },
                  "parameters": {
                    "entityName": "appointments",
                    "recordId": "@triggerOutputs()?['body/activityid']",
                    "item/statuscode": 2,
                    "item/statecode": 0
                  },
                  "authentication": "@parameters('$authentication')"
                }
              }
            }
          },
          "expression": {
            "equals": [
              "@triggerOutputs()?['body/mshied_appointmentstatus']",
              494280000
            ]
          },
          "metadata": {
            "operationMetadataId": "e1656b6e-eaf5-4aa5-82a6-e0a130f57ea3"
          },
          "type": "If"
        }
      },
      "outputs": {}
    },
    "templateName": null
  },
  "schemaVersion": "1.0.0.0"
}