﻿<?xml version="1.0" encoding="utf-8"?>
<ImportExportXml xmlns:xsi="http://www.w3.org/2001/XMLSchema-instance">
  <Entities />
  <Roles />
  <Workflows />
  <FieldSecurityProfiles />
  <Templates />
  <EntityMaps />
  <EntityRelationships />
  <OrganizationSettings />
  <optionsets />
  <CustomControls />
  <EntityDataProviders />
  <CanvasApps>
    <CanvasApp>
      <Name>mshied_k12donationmanagementapp_00453</Name>
      <AppVersion>2020-07-28T16:53:24Z</AppVersion>
      <Status>Ready</Status>
      <CreatedByClientVersion>3.20053.26.0</CreatedByClientVersion>
      <MinClientVersion>3.20053.26.0</MinClientVersion>
      <Tags>{"primaryDeviceWidth":"1366","primaryDeviceHeight":"768","sienaVersion":"0d2b9cbe-95a6-42aa-a147-bdfc90dd3950","deviceCapabilities":"","supportsPortrait":"false","supportsLandscape":"true","primaryFormFactor":"Tablet","publisherVersion":"3.20053.26","minimumRequiredApiVersion":"2.2.0","hasComponent":"true","hasNonOOBComponent":"false","hasUnlockedComponent":"true","isUnifiedRootApp":"false"}</Tags>
      <IsCdsUpgraded>0</IsCdsUpgraded>
      <GalleryItemId xsi:nil="true"></GalleryItemId>
      <BackgroundColor>rgba(0, 176, 240, 1)</BackgroundColor>
      <DisplayName>K12 Donation Management App</DisplayName>
      <Description xsi:nil="true"></Description>
      <CommitMessage xsi:nil="true"></CommitMessage>
      <Publisher xsi:nil="true"></Publisher>
      <AuthorizationReferences xsi:nil="true"></AuthorizationReferences>
      <ConnectionReferences>{"5fe1aa29-0237-414a-a810-05d915394019":{"id":"/providers/microsoft.powerapps/apis/shared_office365","displayName":"Office 365 Outlook","iconUri":"https://connectoricons-prod.azureedge.net/office365/icon_1.0.1329.1953.png","dataSources":["Office365Outlook"],"dependencies":[],"dependents":[],"parameterHints":{},"isOnPremiseConnection":false,"bypassConsent":false,"dataSets":{},"apiTier":"Standard"}}</ConnectionReferences>
      <DatabaseReferences>{"default.cds":{"databaseDetails":{"referenceType":"Environmental","environmentName":"default.cds"},"dataSources":{"Preferences":{"entitySetName":"msnfp_preferences","logicalName":"msnfp_preference"},"Teams":{"entitySetName":"teams","logicalName":"team"},"Delivery Frameworks":{"entitySetName":"msnfp_deliveryframeworks","logicalName":"msnfp_deliveryframework"},"Budgets":{"entitySetName":"msnfp_budgets","logicalName":"msnfp_budget"},"Activities":{"entitySetName":"activitypointers","logicalName":"activitypointer"},"Contacts_1":{"entitySetName":"contacts","logicalName":"contact"},"Objectives":{"entitySetName":"msnfp_objectives","logicalName":"msnfp_objective"},"Accounts":{"entitySetName":"accounts","logicalName":"account"},"Designations":{"entitySetName":"msnfp_designations","logicalName":"msnfp_designation"},"Donor Commitments":{"entitySetName":"msnfp_donorcommitments","logicalName":"msnfp_donorcommitment"},"Users":{"entitySetName":"systemusers","logicalName":"systemuser"},"Designation Plans":{"entitySetName":"msnfp_designationplans","logicalName":"msnfp_designationplan"}}}}</DatabaseReferences>
      <BypassConsent>0</BypassConsent>
      <AdminControlBypassConsent>0</AdminControlBypassConsent>
      <EmbeddedApp xsi:nil="true"></EmbeddedApp>
      <IntroducedVersion>1.0</IntroducedVersion>
      <CdsDependencies>{"cdsdependencies":[{"logicalname":"msnfp_preference","componenttype":1},{"logicalname":"team","componenttype":1},{"logicalname":"msnfp_deliveryframework","componenttype":1},{"logicalname":"msnfp_budget","componenttype":1},{"logicalname":"activitypointer","componenttype":1},{"logicalname":"contact","componenttype":1},{"logicalname":"msnfp_objective","componenttype":1},{"logicalname":"account","componenttype":1},{"logicalname":"msnfp_designation","componenttype":1},{"logicalname":"msnfp_donorcommitment","componenttype":1},{"logicalname":"systemuser","componenttype":1},{"logicalname":"msnfp_designationplan","componenttype":1}]}</CdsDependencies>
      <BackgroundImageUri>/CanvasApps/mshied_k12donationmanagementapp_00453_BackgroundImageUri</BackgroundImageUri>
      <DocumentUri>/CanvasApps/mshied_k12donationmanagementapp_00453_DocumentUri.msapp</DocumentUri>
    </CanvasApp>
  </CanvasApps>
  <Languages>
    <Language>1033</Language>
  </Languages>
</ImportExportXml>