﻿<?xml version="1.0" encoding="utf-8"?>
<ImportExportXml xmlns:xsi="http://www.w3.org/2001/XMLSchema-instance">
  <Entities />
  <Roles />
  <Workflows>
    <Workflow WorkflowId="{e9f358cc-4fe9-e911-a83a-000d3a1d5dcc}" Name="Applicant State Code Task Creation">
      <JsonFileName>/Workflows/ApplicantStateCodeTaskCreation-E9F358CC-4FE9-E911-A83A-000D3A1D5DCC.json</JsonFileName>
      <Type>1</Type>
      <Subprocess>0</Subprocess>
      <Category>5</Category>
      <Mode>0</Mode>
      <Scope>4</Scope>
      <OnDemand>0</OnDemand>
      <TriggerOnCreate>0</TriggerOnCreate>
      <TriggerOnDelete>0</TriggerOnDelete>
      <AsyncAutodelete>0</AsyncAutodelete>
      <SyncWorkflowLogOnFailure>0</SyncWorkflowLogOnFailure>
      <StateCode>0</StateCode>
      <StatusCode>1</StatusCode>
      <RunAs>1</RunAs>
      <IsTransacted>1</IsTransacted>
      <IntroducedVersion>1.0</IntroducedVersion>
      <IsCustomizable>1</IsCustomizable>
      <IsCustomProcessingStepAllowedForOtherPublishers>1</IsCustomProcessingStepAllowedForOtherPublishers>
      <PrimaryEntity>none</PrimaryEntity>
      <LocalizedNames>
        <LocalizedName languagecode="1033" description="Applicant State Code Task Creation" />
      </LocalizedNames>
    </Workflow>
  </Workflows>
  <FieldSecurityProfiles />
  <Templates />
  <EntityMaps />
  <EntityRelationships />
  <OrganizationSettings />
  <optionsets />
  <Dashboards>
    <Dashboard>
      <LocalizedNames>
        <LocalizedName description="Faculty Dashboard" languagecode="1033" />
      </LocalizedNames>
      <FormId>{3014578f-4606-ea11-a811-000d3a8c9f8b}</FormId>
      <IsCustomizable>1</IsCustomizable>
      <IsDefault>0</IsDefault>
      <FormXml>
        <forms type="dashboard">
          <form>
            <tabs>
              <tab showlabel="false" verticallayout="true" id="{adab61aa-4796-47b3-a752-676ead33b65d}">
                <labels>
                  <label description="Tab" languagecode="1033" />
                </labels>
                <columns>
                  <column width="100%">
                    <sections>
                      <section showlabel="false" showbar="false" columns="111" id="{a59a0283-78db-49be-9f70-3374114dc068}">
                        <labels>
                          <label description="Section" languagecode="1033" />
                        </labels>
                        <rows>
                          <row>
                            <cell colspan="1" rowspan="12" showlabel="false" id="{30931a97-318c-4c46-9890-f8f4bbef2853}" auto="false">
                              <labels>
                                <label description="Academic Period Detail" languagecode="1033" />
                              </labels>
                              <control id="Componentdaf9948" uniqueid="{2aec8690-1274-6589-e7d6-e0bbab2d59e9}" classid="{E7A81278-8635-4d9e-8D4D-59480B391C5B}" indicationOfSubgrid="true">
                                <parameters>
                                  <TargetEntityType>mshied_academicperioddetails</TargetEntityType>
                                  <ChartGridMode>Chart</ChartGridMode>
                                  <EnableQuickFind>false</EnableQuickFind>
                                  <EnableViewPicker>false</EnableViewPicker>
                                  <EnableJumpBar>false</EnableJumpBar>
                                  <RecordsPerPage>10</RecordsPerPage>
                                  <HeaderColorCode />
                                  <ViewId>{92108403-8040-4BE3-AF5E-F051886F46A2}</ViewId>
                                  <IsUserView>false</IsUserView>
                                  <ViewIds />
                                  <AutoExpand>Fixed</AutoExpand>
                                  <VisualizationId>{335FAEED-26CE-E811-A967-000D3A1C53E4}</VisualizationId>
                                  <IsUserChart>false</IsUserChart>
                                  <EnableChartPicker>false</EnableChartPicker>
                                  <RelationshipName />
                                </parameters>
                              </control>
                            </cell>
                            <cell colspan="1" rowspan="12" showlabel="false" id="{9df0c1a8-9950-41f3-941f-d18a8000a1ff}" auto="false">
                              <labels>
                                <label description="Academic Period Detail" languagecode="1033" />
                              </labels>
                              <control id="Componentee8d57a" uniqueid="{083eebe3-e2bc-15e7-80b8-484e7d1e21ea}" classid="{E7A81278-8635-4d9e-8D4D-59480B391C5B}" indicationOfSubgrid="true">
                                <parameters>
                                  <TargetEntityType>mshied_academicperioddetails</TargetEntityType>
                                  <ChartGridMode>Chart</ChartGridMode>
                                  <EnableQuickFind>false</EnableQuickFind>
                                  <EnableViewPicker>false</EnableViewPicker>
                                  <EnableJumpBar>false</EnableJumpBar>
                                  <RecordsPerPage>10</RecordsPerPage>
                                  <HeaderColorCode />
                                  <ViewId>{92108403-8040-4BE3-AF5E-F051886F46A2}</ViewId>
                                  <IsUserView>false</IsUserView>
                                  <ViewIds />
                                  <AutoExpand>Fixed</AutoExpand>
                                  <VisualizationId>{56428603-27CE-E811-A967-000D3A1C53E4}</VisualizationId>
                                  <IsUserChart>false</IsUserChart>
                                  <EnableChartPicker>false</EnableChartPicker>
                                  <RelationshipName />
                                </parameters>
                              </control>
                            </cell>
                            <cell colspan="1" rowspan="21" showlabel="false" id="{576e2aee-738d-4ef6-90ce-bc70d60bd8e7}" auto="false">
                              <labels>
                                <label description="Tasks" languagecode="1033" />
                              </labels>
                              <control id="Componentea6a417" uniqueid="{02974e00-9897-2160-8356-b4e6e79dc90a}" classid="{E7A81278-8635-4d9e-8D4D-59480B391C5B}" indicationOfSubgrid="true">
                                <parameters>
                                  <TargetEntityType>task</TargetEntityType>
                                  <ChartGridMode>Grid</ChartGridMode>
                                  <EnableQuickFind>true</EnableQuickFind>
                                  <EnableViewPicker>true</EnableViewPicker>
                                  <EnableJumpBar>true</EnableJumpBar>
                                  <RecordsPerPage>17</RecordsPerPage>
                                  <HeaderColorCode />
                                  <ViewId>{2C6F5E3A-4306-EA11-A811-000D3A3B3466}</ViewId>
                                  <IsUserView>false</IsUserView>
                                  <ViewIds />
                                  <AutoExpand>Fixed</AutoExpand>
                                  <VisualizationId />
                                  <IsUserChart>false</IsUserChart>
                                  <EnableChartPicker>false</EnableChartPicker>
                                  <RelationshipName />
                                </parameters>
                              </control>
                            </cell>
                          </row>
                          <row />
                          <row />
                          <row />
                          <row />
                          <row />
                          <row />
                          <row />
                          <row />
                          <row />
                          <row />
                          <row />
                          <row>
                            <cell colspan="2" rowspan="12" showlabel="false" id="{f8056747-43dc-435e-881b-a2bcbcd399f6}" auto="false">
                              <labels>
                                <label description="Programs" languagecode="1033" />
                              </labels>
                              <control id="Componentbc829fd" uniqueid="{ed29c4eb-c303-21e3-5d12-2d6a5e6a0d68}" classid="{E7A81278-8635-4d9e-8D4D-59480B391C5B}" indicationOfSubgrid="true">
                                <parameters>
                                  <TargetEntityType>mshied_program</TargetEntityType>
                                  <ChartGridMode>Grid</ChartGridMode>
                                  <EnableQuickFind>true</EnableQuickFind>
                                  <EnableViewPicker>true</EnableViewPicker>
                                  <EnableJumpBar>true</EnableJumpBar>
                                  <RecordsPerPage>8</RecordsPerPage>
                                  <HeaderColorCode />
                                  <ViewId>{B045741D-CBE2-4848-AAF3-562AC83FDC9C}</ViewId>
                                  <IsUserView>false</IsUserView>
                                  <ViewIds />
                                  <AutoExpand>Fixed</AutoExpand>
                                  <VisualizationId />
                                  <IsUserChart>false</IsUserChart>
                                  <EnableChartPicker>false</EnableChartPicker>
                                  <RelationshipName />
                                </parameters>
                              </control>
                            </cell>
                          </row>
                          <row />
                          <row />
                          <row />
                          <row />
                          <row />
                          <row />
                          <row />
                          <row />
                          <row>
                            <cell id="{432c0d0a-9cac-20a5-799b-b40ecc657a6d}" showlabel="false">
                              <labels>
                                <label description="" languagecode="1033" />
                              </labels>
                            </cell>
                          </row>
                          <row>
                            <cell id="{b9192883-49e7-469c-a305-1047c6b1e0de}" showlabel="false">
                              <labels>
                                <label description="" languagecode="1033" />
                              </labels>
                            </cell>
                          </row>
                          <row>
                            <cell id="{ddd986e3-719d-30a6-c81a-e195c15bbc76}" showlabel="false">
                              <labels>
                                <label description="" languagecode="1033" />
                              </labels>
                            </cell>
                          </row>
                        </rows>
                      </section>
                    </sections>
                  </column>
                </columns>
              </tab>
            </tabs>
          </form>
        </forms>
      </FormXml>
      <IntroducedVersion>2.0.2.2</IntroducedVersion>
      <IsTabletEnabled>0</IsTabletEnabled>
    </Dashboard>
  </Dashboards>
  <WebResources>
    <WebResource>
      <WebResourceId>{508b58fe-bce1-ec11-bb3d-00224808f698}</WebResourceId>
      <Name>mshied_HigherEducationAppIcon.svg</Name>
      <DisplayName>Higher Education App Icon SVG</DisplayName>
      <WebResourceType>11</WebResourceType>
      <IntroducedVersion>4.0.3.2</IntroducedVersion>
      <IsEnabledForMobileClient>0</IsEnabledForMobileClient>
      <IsAvailableForMobileOffline>0</IsAvailableForMobileOffline>
      <IsCustomizable>1</IsCustomizable>
      <CanBeDeleted>1</CanBeDeleted>
      <IsHidden>0</IsHidden>
      <FileName>/WebResources/mshied_HigherEducationAppIconsvg508B58FE-BCE1-EC11-BB3D-00224808F698</FileName>
    </WebResource>
    <WebResource>
      <WebResourceId>{0c051fc5-b2e3-e911-a839-000d3a1d5203}</WebResourceId>
      <Name>mshied_/welcomeScreen/hiedhubwelcomepage.html</Name>
      <DisplayName>hiedhubwelcomepage.html</DisplayName>
      <LanguageCode>1033</LanguageCode>
      <WebResourceType>1</WebResourceType>
      <IntroducedVersion>2.0.3.6</IntroducedVersion>
      <IsEnabledForMobileClient>0</IsEnabledForMobileClient>
      <IsAvailableForMobileOffline>0</IsAvailableForMobileOffline>
      <DependencyXml>&lt;Dependencies&gt;&lt;Dependency componentType="WebResource"/&gt;&lt;/Dependencies&gt;</DependencyXml>
      <IsCustomizable>1</IsCustomizable>
      <CanBeDeleted>1</CanBeDeleted>
      <IsHidden>0</IsHidden>
      <FileName>/WebResources/mshied_welcomeScreenhiedhubwelcomepagehtml0C051FC5-B2E3-E911-A839-000D3A1D5203</FileName>
    </WebResource>
  </WebResources>
  <CustomControls />
  <AppModules>
    <AppModule>
      <UniqueName>mshied_HigherEd</UniqueName>
      <IntroducedVersion>1.0.0.0</IntroducedVersion>
      <WebResourceId>508b58fe-bce1-ec11-bb3d-00224808f698</WebResourceId>
      <OptimizedFor></OptimizedFor>
      <statecode>0</statecode>
      <statuscode>1</statuscode>
      <WelcomePageId>0c051fc5-b2e3-e911-a839-000d3a1d5203</WelcomePageId>
      <FormFactor>1</FormFactor>
      <ClientType>4</ClientType>
      <NavigationType>0</NavigationType>
      <AppModuleComponents>
        <AppModuleComponent type="62" schemaName="mshied_HigherEd" />
        <AppModuleComponent type="60" id="{738cf670-1ffc-ea11-a815-0022480822ca}" />
        <AppModuleComponent type="60" id="{ed828b48-04df-e911-a968-000d3a3b9825}" />
        <AppModuleComponent type="60" id="{3014578f-4606-ea11-a811-000d3a8c9f8b}" />
        <AppModuleComponent type="60" id="{10a86981-28ce-e811-a967-000d3a1c53e4}" />
        <AppModuleComponent type="1" schemaName="mshied_academicperiod" />
        <AppModuleComponent type="60" id="{1bc26617-6e30-465a-b532-4444b3e067dd}" />
        <AppModuleComponent type="1" schemaName="mshied_academicperioddetails" />
        <AppModuleComponent type="60" id="{679f53ee-88bc-42e6-806c-cf9c5762c94b}" />
        <AppModuleComponent type="1" schemaName="account" />
        <AppModuleComponent type="60" id="{d3ee6982-e236-4ec4-922a-48105dc85838}" />
        <AppModuleComponent type="1" schemaName="customeraddress" />
        <AppModuleComponent type="60" id="{ef140875-b7e7-4469-809c-5f4ab700b1d1}" />
        <AppModuleComponent type="1" schemaName="appointment" />
        <AppModuleComponent type="1" schemaName="mshied_areaofinterest" />
        <AppModuleComponent type="60" id="{78b71c30-ae51-4603-8549-46a7cb655e01}" />
        <AppModuleComponent type="1" schemaName="mshied_areaofstudy" />
        <AppModuleComponent type="60" id="{82e4ea49-1a47-40b2-8f1a-94742cb06a5c}" />
        <AppModuleComponent type="1" schemaName="contact" />
        <AppModuleComponent type="60" id="{94eb6fcd-3aa2-4b1f-9eea-f23da74df76f}" />
        <AppModuleComponent type="60" id="{dc419af9-8994-4f86-91db-8d0169c0ad4e}" />
        <AppModuleComponent type="60" id="{be82e057-55b7-4789-886a-5a9dda7e349c}" />
        <AppModuleComponent type="26" id="{00000000-0000-0000-00aa-000010001004}" />
        <AppModuleComponent type="26" id="{1cb85c29-95cc-e811-a96b-000d3a1c5716}" />
        <AppModuleComponent type="26" id="{bf399cf9-24ce-e811-a967-000d3a1c53e4}" />
        <AppModuleComponent type="26" id="{ae88af10-95cc-e811-a96b-000d3a1c5716}" />
        <AppModuleComponent type="26" id="{23f85b01-2b63-ea11-a811-000d3a579c6c}" />
        <AppModuleComponent type="26" id="{adebfdb5-f1f8-ea11-a815-000d3a33f11e}" />
        <AppModuleComponent type="26" id="{0d5d377b-5e7c-47b5-bab1-a5cb8b4ac105}" />
        <AppModuleComponent type="26" id="{00000000-0000-0000-00aa-000010001033}" />
        <AppModuleComponent type="26" id="{00000000-0000-0000-00aa-000010001003}" />
        <AppModuleComponent type="26" id="{ab582fb0-a846-453e-ad88-77f75ce91264}" />
        <AppModuleComponent type="1" schemaName="mshied_course" />
        <AppModuleComponent type="60" id="{5833d3bf-c38d-419e-8156-a16fe681abe2}" />
        <AppModuleComponent type="1" schemaName="mshied_coursehistory" />
        <AppModuleComponent type="60" id="{08ca35ed-4d19-4cbb-b751-d685f947280a}" />
        <AppModuleComponent type="1" schemaName="mshied_coursesection" />
        <AppModuleComponent type="60" id="{a9f0cb36-f395-4ff1-9552-707265a7d818}" />
        <AppModuleComponent type="1" schemaName="mshied_educationlevel" />
        <AppModuleComponent type="60" id="{2810d33d-ee9a-4d4b-8711-0a8efc6184ed}" />
        <AppModuleComponent type="1" schemaName="mshied_extracurricularactivities" />
        <AppModuleComponent type="60" id="{f2255de0-9cc7-488f-912b-42ee8dd6c167}" />
        <AppModuleComponent type="1" schemaName="mshied_extracurricularparticipant" />
        <AppModuleComponent type="60" id="{849d4cfa-6d59-4a47-bcb9-3b04352607bc}" />
        <AppModuleComponent type="1" schemaName="mshied_grant" />
        <AppModuleComponent type="60" id="{26993d2d-236e-404c-803b-c1c548603678}" />
        <AppModuleComponent type="1" schemaName="mshied_grantapplicant" />
        <AppModuleComponent type="60" id="{befb0ac7-1eb9-44c9-bdfc-de9718e66b71}" />
        <AppModuleComponent type="1" schemaName="mshied_internship" />
        <AppModuleComponent type="60" id="{2c22644e-569e-45ea-87eb-865a48d00273}" />
        <AppModuleComponent type="1" schemaName="mshied_internshipapplicant" />
        <AppModuleComponent type="60" id="{b5624b8e-e9c1-4bcf-b350-068c24b0fb88}" />
        <AppModuleComponent type="1" schemaName="mshied_previouseducation" />
        <AppModuleComponent type="60" id="{ea999679-3984-4157-9957-5feb0cc6c986}" />
        <AppModuleComponent type="1" schemaName="mshied_program" />
        <AppModuleComponent type="60" id="{69476e94-5a22-ed11-b83e-002248205e71}" />
        <AppModuleComponent type="1" schemaName="mshied_programlevel" />
        <AppModuleComponent type="60" id="{c6650e6d-3230-40e7-a41a-7578c447105a}" />
        <AppModuleComponent type="1" schemaName="mshied_programrequirement" />
        <AppModuleComponent type="60" id="{db95852f-1ff8-4137-b6f2-d7a4d7d6d5db}" />
        <AppModuleComponent type="1" schemaName="mshied_programversion" />
        <AppModuleComponent type="60" id="{1e589f3d-10c3-4c9d-9c6b-9d6935046d98}" />
        <AppModuleComponent type="1" schemaName="mshied_programversiondetail" />
        <AppModuleComponent type="60" id="{61ed2451-fa90-4529-8d49-39c9bf6cc92b}" />
        <AppModuleComponent type="1" schemaName="mshied_registrationstatus" />
        <AppModuleComponent type="60" id="{aa3edfd3-561a-4b83-942c-c1087737d3e3}" />
        <AppModuleComponent type="1" schemaName="mshied_scholarship" />
        <AppModuleComponent type="60" id="{65e1d59f-14de-4706-8fd3-4e231912849d}" />
        <AppModuleComponent type="1" schemaName="mshied_scholarshipapplicant" />
        <AppModuleComponent type="60" id="{fd9ab5c4-8adc-414e-9b53-dbdcfc551f75}" />
        <AppModuleComponent type="1" schemaName="mshied_studentprogramtype" />
        <AppModuleComponent type="60" id="{9c8e7ecf-2300-4062-b5cc-bf2e865d8c46}" />
        <AppModuleComponent type="1" schemaName="mshied_studentresource" />
        <AppModuleComponent type="60" id="{722fb6c9-50e7-4e98-8ba4-9c756a5a8f91}" />
        <AppModuleComponent type="1" schemaName="mshied_studentstatus" />
        <AppModuleComponent type="60" id="{85e78804-2cae-4752-86fd-1f8541200ab9}" />
        <AppModuleComponent type="1" schemaName="task" />
        <AppModuleComponent type="60" id="{805b59a2-acdf-e911-a960-000d3a3b9b3d}" />
        <AppModuleComponent type="1" schemaName="mshied_testscore" />
        <AppModuleComponent type="60" id="{8cf350f2-5b92-46ca-bfe9-5bdacd3de8ac}" />
        <AppModuleComponent type="1" schemaName="mshied_testtype" />
        <AppModuleComponent type="60" id="{a239b08b-65ba-421d-8f4b-0bc4f41c8a2e}" />
      </AppModuleComponents>
      <AppModuleRoleMaps>
        <Role id="{627090ff-40a3-4053-8790-584edc5be201}" />
        <Role id="{119f245c-3cc8-4b62-b31c-d1a046ced15d}" />
      </AppModuleRoleMaps>
      <LocalizedNames>
        <LocalizedName description="Higher Education" languagecode="1033" />
      </LocalizedNames>
    </AppModule>
  </AppModules>
  <EntityDataProviders />
  <Languages>
    <Language>1033</Language>
  </Languages>
</ImportExportXml>