﻿<?xml version="1.0" encoding="utf-8"?>
<ImportExportXml version="9.2.22102.194" SolutionPackageVersion="9.2" languagecode="1033" generatedBy="CrmLive" xmlns:xsi="http://www.w3.org/2001/XMLSchema-instance">
  <SolutionManifest>
    <UniqueName>Dynamics365HigherEducationAcceleratorCanvasModel</UniqueName>
    <LocalizedNames>
      <LocalizedName description="Education Accelerator Higher Education Apps" languagecode="1033" />
    </LocalizedNames>
    <Descriptions />
    <Version>5.0.3.0</Version>
    <Managed>1</Managed>
    <Publisher>
      <UniqueName>educationacceleratorcommon</UniqueName>
      <LocalizedNames>
        <LocalizedName description="Dynamics 365 Education" languagecode="1033" />
      </LocalizedNames>
      <Descriptions>
        <Description description="Education Accelerator Common" languagecode="1033" />
      </Descriptions>
      <EMailAddress xsi:nil="true"></EMailAddress>
      <SupportingWebsiteUrl xsi:nil="true"></SupportingWebsiteUrl>
      <CustomizationPrefix>mshied</CustomizationPrefix>
      <CustomizationOptionValuePrefix>49428</CustomizationOptionValuePrefix>
      <Addresses>
        <Address>
          <AddressNumber>1</AddressNumber>
          <AddressTypeCode>1</AddressTypeCode>
          <City xsi:nil="true"></City>
          <County xsi:nil="true"></County>
          <Country xsi:nil="true"></Country>
          <Fax xsi:nil="true"></Fax>
          <FreightTermsCode xsi:nil="true"></FreightTermsCode>
          <ImportSequenceNumber xsi:nil="true"></ImportSequenceNumber>
          <Latitude xsi:nil="true"></Latitude>
          <Line1 xsi:nil="true"></Line1>
          <Line2 xsi:nil="true"></Line2>
          <Line3 xsi:nil="true"></Line3>
          <Longitude xsi:nil="true"></Longitude>
          <Name xsi:nil="true"></Name>
          <PostalCode xsi:nil="true"></PostalCode>
          <PostOfficeBox xsi:nil="true"></PostOfficeBox>
          <PrimaryContactName xsi:nil="true"></PrimaryContactName>
          <ShippingMethodCode>1</ShippingMethodCode>
          <StateOrProvince xsi:nil="true"></StateOrProvince>
          <Telephone1 xsi:nil="true"></Telephone1>
          <Telephone2 xsi:nil="true"></Telephone2>
          <Telephone3 xsi:nil="true"></Telephone3>
          <TimeZoneRuleVersionNumber xsi:nil="true"></TimeZoneRuleVersionNumber>
          <UPSZone xsi:nil="true"></UPSZone>
          <UTCOffset xsi:nil="true"></UTCOffset>
          <UTCConversionTimeZoneCode xsi:nil="true"></UTCConversionTimeZoneCode>
        </Address>
        <Address>
          <AddressNumber>2</AddressNumber>
          <AddressTypeCode>1</AddressTypeCode>
          <City xsi:nil="true"></City>
          <County xsi:nil="true"></County>
          <Country xsi:nil="true"></Country>
          <Fax xsi:nil="true"></Fax>
          <FreightTermsCode xsi:nil="true"></FreightTermsCode>
          <ImportSequenceNumber xsi:nil="true"></ImportSequenceNumber>
          <Latitude xsi:nil="true"></Latitude>
          <Line1 xsi:nil="true"></Line1>
          <Line2 xsi:nil="true"></Line2>
          <Line3 xsi:nil="true"></Line3>
          <Longitude xsi:nil="true"></Longitude>
          <Name xsi:nil="true"></Name>
          <PostalCode xsi:nil="true"></PostalCode>
          <PostOfficeBox xsi:nil="true"></PostOfficeBox>
          <PrimaryContactName xsi:nil="true"></PrimaryContactName>
          <ShippingMethodCode>1</ShippingMethodCode>
          <StateOrProvince xsi:nil="true"></StateOrProvince>
          <Telephone1 xsi:nil="true"></Telephone1>
          <Telephone2 xsi:nil="true"></Telephone2>
          <Telephone3 xsi:nil="true"></Telephone3>
          <TimeZoneRuleVersionNumber xsi:nil="true"></TimeZoneRuleVersionNumber>
          <UPSZone xsi:nil="true"></UPSZone>
          <UTCOffset xsi:nil="true"></UTCOffset>
          <UTCConversionTimeZoneCode xsi:nil="true"></UTCConversionTimeZoneCode>
        </Address>
      </Addresses>
    </Publisher>
    <RootComponents>
      <RootComponent type="29" id="{e9f358cc-4fe9-e911-a83a-000d3a1d5dcc}" behavior="0" />
      <RootComponent type="60" id="{3014578f-4606-ea11-a811-000d3a8c9f8b}" behavior="0" />
      <RootComponent type="61" schemaName="mshied_/welcomeScreen/hiedhubwelcomepage.html" behavior="0" />
      <RootComponent type="61" schemaName="mshied_HigherEducationAppIcon.svg" behavior="0" />
      <RootComponent type="80" schemaName="mshied_HigherEd" behavior="0" />
    </RootComponents>
    <MissingDependencies>
      <MissingDependency>
        <Required type="1" schemaName="mshied_academicperiod" displayName="Academic Period" solution="EducationAcceleratorCommon (5.0.1.9)" />
        <Dependent type="80" schemaName="mshied_HigherEd" displayName="Higher Education" />
      </MissingDependency>
      <MissingDependency>
        <Required type="1" schemaName="mshied_academicperioddetails" displayName="Academic Period Enrollment " solution="EducationAcceleratorCommon (5.0.1.9)" />
        <Dependent type="60" displayName="Faculty Dashboard" id="{3014578f-4606-ea11-a811-000d3a8c9f8b}" />
      </MissingDependency>
      <MissingDependency>
        <Required type="1" schemaName="mshied_academicperioddetails" displayName="Academic Period Enrollment " solution="EducationAcceleratorCommon (5.0.1.9)" />
        <Dependent type="80" schemaName="mshied_HigherEd" displayName="Higher Education" />
      </MissingDependency>
      <MissingDependency>
        <Required type="1" schemaName="mshied_areaofinterest" displayName="Area of Interest" solution="EducationAcceleratorCommon (5.0.1.9)" />
        <Dependent type="80" schemaName="mshied_HigherEd" displayName="Higher Education" />
      </MissingDependency>
      <MissingDependency>
        <Required type="1" schemaName="mshied_areaofstudy" displayName="Area of Study" solution="EducationAcceleratorCommon (5.0.1.9)" />
        <Dependent type="80" schemaName="mshied_HigherEd" displayName="Higher Education" />
      </MissingDependency>
      <MissingDependency>
        <Required type="1" schemaName="mshied_course" displayName="Course" solution="EducationAcceleratorCommon (5.0.1.9)" />
        <Dependent type="80" schemaName="mshied_HigherEd" displayName="Higher Education" />
      </MissingDependency>
      <MissingDependency>
        <Required type="1" schemaName="mshied_coursehistory" displayName="Course Enrollment" solution="EducationAcceleratorCommon (5.0.1.9)" />
        <Dependent type="80" schemaName="mshied_HigherEd" displayName="Higher Education" />
      </MissingDependency>
      <MissingDependency>
        <Required type="1" schemaName="mshied_coursesection" displayName="Course Section" solution="EducationAcceleratorCommon (5.0.1.9)" />
        <Dependent type="80" schemaName="mshied_HigherEd" displayName="Higher Education" />
      </MissingDependency>
      <MissingDependency>
        <Required type="1" schemaName="mshied_educationlevel" displayName="Education Level" solution="EducationAcceleratorCommon (5.0.1.9)" />
        <Dependent type="80" schemaName="mshied_HigherEd" displayName="Higher Education" />
      </MissingDependency>
      <MissingDependency>
        <Required type="1" schemaName="mshied_extracurricularactivities" displayName="Extracurricular Activity" solution="EducationAcceleratorCommon (5.0.1.9)" />
        <Dependent type="80" schemaName="mshied_HigherEd" displayName="Higher Education" />
      </MissingDependency>
      <MissingDependency>
        <Required type="1" schemaName="mshied_extracurricularparticipant" displayName="Extracurricular Participant" solution="EducationAcceleratorCommon (5.0.1.9)" />
        <Dependent type="80" schemaName="mshied_HigherEd" displayName="Higher Education" />
      </MissingDependency>
      <MissingDependency>
        <Required type="1" schemaName="mshied_grant" displayName="Grant" solution="EducationAcceleratorCommon (5.0.1.9)" />
        <Dependent type="80" schemaName="mshied_HigherEd" displayName="Higher Education" />
      </MissingDependency>
      <MissingDependency>
        <Required type="1" schemaName="mshied_grantapplicant" displayName="Grant Applicant" solution="EducationAcceleratorCommon (5.0.1.9)" />
        <Dependent type="80" schemaName="mshied_HigherEd" displayName="Higher Education" />
      </MissingDependency>
      <MissingDependency>
        <Required type="1" schemaName="mshied_internship" displayName="Internship" solution="EducationAcceleratorCommon (5.0.1.9)" />
        <Dependent type="80" schemaName="mshied_HigherEd" displayName="Higher Education" />
      </MissingDependency>
      <MissingDependency>
        <Required type="1" schemaName="mshied_internshipapplicant" displayName="Internship Applicant" solution="EducationAcceleratorCommon (5.0.1.9)" />
        <Dependent type="80" schemaName="mshied_HigherEd" displayName="Higher Education" />
      </MissingDependency>
      <MissingDependency>
        <Required type="1" schemaName="mshied_previouseducation" displayName="Previous Education" solution="EducationAcceleratorCommon (5.0.1.9)" />
        <Dependent type="80" schemaName="mshied_HigherEd" displayName="Higher Education" />
      </MissingDependency>
      <MissingDependency>
        <Required type="1" schemaName="mshied_program" displayName="Program" solution="EducationAcceleratorCommon (5.0.1.9)" />
        <Dependent type="60" displayName="Faculty Dashboard" id="{3014578f-4606-ea11-a811-000d3a8c9f8b}" />
      </MissingDependency>
      <MissingDependency>
        <Required type="1" schemaName="mshied_program" displayName="Program" solution="EducationAcceleratorCommon (5.0.1.9)" />
        <Dependent type="80" schemaName="mshied_HigherEd" displayName="Higher Education" />
      </MissingDependency>
      <MissingDependency>
        <Required type="1" schemaName="mshied_programlevel" displayName="Program Level" solution="EducationAcceleratorCommon (5.0.1.9)" />
        <Dependent type="80" schemaName="mshied_HigherEd" displayName="Higher Education" />
      </MissingDependency>
      <MissingDependency>
        <Required type="1" schemaName="mshied_programrequirement" displayName="Program Requirement" solution="EducationAcceleratorCommon (5.0.1.9)" />
        <Dependent type="80" schemaName="mshied_HigherEd" displayName="Higher Education" />
      </MissingDependency>
      <MissingDependency>
        <Required type="1" schemaName="mshied_programversion" displayName="Program Version" solution="EducationAcceleratorCommon (5.0.1.9)" />
        <Dependent type="80" schemaName="mshied_HigherEd" displayName="Higher Education" />
      </MissingDependency>
      <MissingDependency>
        <Required type="1" schemaName="mshied_programversiondetail" displayName="Program Version Detail" solution="EducationAcceleratorCommon (5.0.1.9)" />
        <Dependent type="80" schemaName="mshied_HigherEd" displayName="Higher Education" />
      </MissingDependency>
      <MissingDependency>
        <Required type="1" schemaName="mshied_registrationstatus" displayName="Registration Status" solution="EducationAcceleratorCommon (5.0.1.9)" />
        <Dependent type="80" schemaName="mshied_HigherEd" displayName="Higher Education" />
      </MissingDependency>
      <MissingDependency>
        <Required type="1" schemaName="mshied_scholarship" displayName="Scholarship" solution="EducationAcceleratorCommon (5.0.1.9)" />
        <Dependent type="80" schemaName="mshied_HigherEd" displayName="Higher Education" />
      </MissingDependency>
      <MissingDependency>
        <Required type="1" schemaName="mshied_scholarshipapplicant" displayName="Scholarship Applicant" solution="EducationAcceleratorCommon (5.0.1.9)" />
        <Dependent type="80" schemaName="mshied_HigherEd" displayName="Higher Education" />
      </MissingDependency>
      <MissingDependency>
        <Required type="1" schemaName="mshied_studentprogramtype" displayName="Student Program Type" solution="EducationAcceleratorCommon (5.0.1.9)" />
        <Dependent type="80" schemaName="mshied_HigherEd" displayName="Higher Education" />
      </MissingDependency>
      <MissingDependency>
        <Required type="1" schemaName="mshied_studentresource" displayName="Student Resource" solution="EducationAcceleratorCommon (5.0.1.9)" />
        <Dependent type="80" schemaName="mshied_HigherEd" displayName="Higher Education" />
      </MissingDependency>
      <MissingDependency>
        <Required type="1" schemaName="mshied_studentstatus" displayName="Student Status" solution="EducationAcceleratorCommon (5.0.1.9)" />
        <Dependent type="80" schemaName="mshied_HigherEd" displayName="Higher Education" />
      </MissingDependency>
      <MissingDependency>
        <Required type="1" schemaName="mshied_testscore" displayName="Test Score" solution="EducationAcceleratorCommon (5.0.1.9)" />
        <Dependent type="80" schemaName="mshied_HigherEd" displayName="Higher Education" />
      </MissingDependency>
      <MissingDependency>
        <Required type="1" schemaName="mshied_testtype" displayName="Test Type" solution="EducationAcceleratorCommon (5.0.1.9)" />
        <Dependent type="80" schemaName="mshied_HigherEd" displayName="Higher Education" />
      </MissingDependency>
      <MissingDependency>
        <Required type="26" schemaName="All Contacts" displayName="All Contacts" parentSchemaName="contact" parentDisplayName="Contact" solution="msdynce_AppCommon (9.0.4.0066)" id="{0d5d377b-5e7c-47b5-bab1-a5cb8b4ac105}">
          <package>msdynce_AppCommonAnchor (9.0.22101.10001)</package>
        </Required>
        <Dependent type="80" schemaName="mshied_HigherEd" displayName="Higher Education" />
      </MissingDependency>
      <MissingDependency>
        <Required type="26" schemaName="Active Donors and Alumni" displayName="Active Donors and Alumni" parentSchemaName="contact" parentDisplayName="Contact" solution="EducationAcceleratorCommon (5.0.1.9)" id="{1cb85c29-95cc-e811-a96b-000d3a1c5716}" />
        <Dependent type="80" schemaName="mshied_HigherEd" displayName="Higher Education" />
      </MissingDependency>
      <MissingDependency>
        <Required type="26" schemaName="Active Students In Course Section" displayName="Active Students In Course Section" parentSchemaName="contact" parentDisplayName="Contact" solution="EducationAcceleratorCommon (5.0.1.9)" id="{23f85b01-2b63-ea11-a811-000d3a579c6c}" />
        <Dependent type="80" schemaName="mshied_HigherEd" displayName="Higher Education" />
      </MissingDependency>
      <MissingDependency>
        <Required type="26" schemaName="Assignment Extensions" displayName="Assignment Extensions" parentSchemaName="task" parentDisplayName="Task" solution="EducationAcceleratorCommon (5.0.1.9)" id="{2c6f5e3a-4306-ea11-a811-000d3a3b3466}" />
        <Dependent type="60" displayName="Faculty Dashboard" id="{3014578f-4606-ea11-a811-000d3a8c9f8b}" />
      </MissingDependency>
      <MissingDependency>
        <Required type="26" schemaName="Active Academic Period Details" displayName="Active Academic Period Details" parentSchemaName="mshied_academicperioddetails" parentDisplayName="Academic Period Enrollment " solution="EducationAcceleratorCommon (5.0.1.9)" id="{92108403-8040-4be3-af5e-f051886f46a2}" />
        <Dependent type="60" displayName="Faculty Dashboard" id="{3014578f-4606-ea11-a811-000d3a8c9f8b}" />
      </MissingDependency>
      <MissingDependency>
        <Required type="26" schemaName="Advisor " displayName="Advisor " parentSchemaName="contact" parentDisplayName="Contact" solution="EducationAcceleratorCommon (5.0.1.9)" id="{adebfdb5-f1f8-ea11-a815-000d3a33f11e}" />
        <Dependent type="80" schemaName="mshied_HigherEd" displayName="Higher Education" />
      </MissingDependency>
      <MissingDependency>
        <Required type="26" schemaName="Active Students" displayName="Active Students" parentSchemaName="contact" parentDisplayName="Contact" solution="EducationAcceleratorCommon (5.0.1.9)" id="{ae88af10-95cc-e811-a96b-000d3a1c5716}" />
        <Dependent type="80" schemaName="mshied_HigherEd" displayName="Higher Education" />
      </MissingDependency>
      <MissingDependency>
        <Required type="26" schemaName="Active Programs" displayName="Active Programs" parentSchemaName="mshied_program" parentDisplayName="Program" solution="EducationAcceleratorCommon (5.0.1.9)" id="{b045741d-cbe2-4848-aaf3-562ac83fdc9c}" />
        <Dependent type="60" displayName="Faculty Dashboard" id="{3014578f-4606-ea11-a811-000d3a8c9f8b}" />
      </MissingDependency>
      <MissingDependency>
        <Required type="26" schemaName="Active Faculty" displayName="Active Faculty" parentSchemaName="contact" parentDisplayName="Contact" solution="EducationAcceleratorCommon (5.0.1.9)" id="{bf399cf9-24ce-e811-a967-000d3a1c53e4}" />
        <Dependent type="80" schemaName="mshied_HigherEd" displayName="Higher Education" />
      </MissingDependency>
      <MissingDependency>
        <Required type="59" schemaName="Athetes vs Non Athletes" displayName="Athetes vs Non Athletes" parentSchemaName="mshied_academicperioddetails" parentDisplayName="Academic Period Enrollment " solution="EducationAcceleratorCommon (5.0.1.9)" id="{335faeed-26ce-e811-a967-000d3a1c53e4}" />
        <Dependent type="60" displayName="Faculty Dashboard" id="{3014578f-4606-ea11-a811-000d3a8c9f8b}" />
      </MissingDependency>
      <MissingDependency>
        <Required type="59" schemaName="Working Students" displayName="Working Students" parentSchemaName="mshied_academicperioddetails" parentDisplayName="Academic Period Enrollment " solution="EducationAcceleratorCommon (5.0.1.9)" id="{56428603-27ce-e811-a967-000d3a1c53e4}" />
        <Dependent type="60" displayName="Faculty Dashboard" id="{3014578f-4606-ea11-a811-000d3a8c9f8b}" />
      </MissingDependency>
      <MissingDependency>
        <Required type="60" displayName="Higher Education Enrollment Form" parentDisplayName="Course Enrollment" solution="EducationAcceleratorCommon (5.0.1.9)" id="{08ca35ed-4d19-4cbb-b751-d685f947280a}" />
        <Dependent type="80" schemaName="mshied_HigherEd" displayName="Higher Education" />
      </MissingDependency>
      <MissingDependency>
        <Required type="60" displayName="Student Information" solution="EducationAcceleratorCommon (5.0.1.9)" id="{10a86981-28ce-e811-a967-000d3a1c53e4}" />
        <Dependent type="80" schemaName="mshied_HigherEd" displayName="Higher Education" />
      </MissingDependency>
      <MissingDependency>
        <Required type="60" displayName="Higher Education Academic Period Form" parentDisplayName="Academic Period" solution="EducationAcceleratorCommon (5.0.1.9)" id="{1bc26617-6e30-465a-b532-4444b3e067dd}" />
        <Dependent type="80" schemaName="mshied_HigherEd" displayName="Higher Education" />
      </MissingDependency>
      <MissingDependency>
        <Required type="60" displayName="Higher Education Program Version" parentDisplayName="Program Version" solution="EducationAcceleratorCommon (5.0.1.9)" id="{1e589f3d-10c3-4c9d-9c6b-9d6935046d98}" />
        <Dependent type="80" schemaName="mshied_HigherEd" displayName="Higher Education" />
      </MissingDependency>
      <MissingDependency>
        <Required type="60" displayName="Information" parentDisplayName="Grant" solution="EducationAcceleratorCommon (5.0.1.9)" id="{26993d2d-236e-404c-803b-c1c548603678}" />
        <Dependent type="80" schemaName="mshied_HigherEd" displayName="Higher Education" />
      </MissingDependency>
      <MissingDependency>
        <Required type="60" displayName="Higher Education Education Level Form" parentDisplayName="Education Level" solution="EducationAcceleratorCommon (5.0.1.9)" id="{2810d33d-ee9a-4d4b-8711-0a8efc6184ed}" />
        <Dependent type="80" schemaName="mshied_HigherEd" displayName="Higher Education" />
      </MissingDependency>
      <MissingDependency>
        <Required type="60" displayName="Information" parentDisplayName="Internship" solution="EducationAcceleratorCommon (5.0.1.9)" id="{2c22644e-569e-45ea-87eb-865a48d00273}" />
        <Dependent type="80" schemaName="mshied_HigherEd" displayName="Higher Education" />
      </MissingDependency>
      <MissingDependency>
        <Required type="60" displayName="Higher Education Course Form" parentDisplayName="Course" solution="EducationAcceleratorCommon (5.0.1.9)" id="{5833d3bf-c38d-419e-8156-a16fe681abe2}" />
        <Dependent type="80" schemaName="mshied_HigherEd" displayName="Higher Education" />
      </MissingDependency>
      <MissingDependency>
        <Required type="60" displayName="Higher Education Program Version Details Form" parentDisplayName="Program Version Detail" solution="EducationAcceleratorCommon (5.0.1.9)" id="{61ed2451-fa90-4529-8d49-39c9bf6cc92b}" />
        <Dependent type="80" schemaName="mshied_HigherEd" displayName="Higher Education" />
      </MissingDependency>
      <MissingDependency>
        <Required type="60" displayName="Information" parentDisplayName="Scholarship" solution="EducationAcceleratorCommon (5.0.1.9)" id="{65e1d59f-14de-4706-8fd3-4e231912849d}" />
        <Dependent type="80" schemaName="mshied_HigherEd" displayName="Higher Education" />
      </MissingDependency>
      <MissingDependency>
        <Required type="60" displayName="Main Form" parentDisplayName="Academic Period Enrollment " solution="EducationAcceleratorCommon (5.0.1.9)" id="{679f53ee-88bc-42e6-806c-cf9c5762c94b}" />
        <Dependent type="80" schemaName="mshied_HigherEd" displayName="Higher Education" />
      </MissingDependency>
      <MissingDependency>
        <Required type="60" displayName="Program Form" parentDisplayName="Program" solution="EducationAcceleratorCommon (5.0.1.9)" id="{69476e94-5a22-ed11-b83e-002248205e71}" />
        <Dependent type="80" schemaName="mshied_HigherEd" displayName="Higher Education" />
      </MissingDependency>
      <MissingDependency>
        <Required type="60" displayName="Information" parentDisplayName="Student Resource" solution="EducationAcceleratorCommon (5.0.1.9)" id="{722fb6c9-50e7-4e98-8ba4-9c756a5a8f91}" />
        <Dependent type="80" schemaName="mshied_HigherEd" displayName="Higher Education" />
      </MissingDependency>
      <MissingDependency>
        <Required type="60" displayName="Advisor Dashboard" solution="EducationAcceleratorCommon (5.0.1.9)" id="{738cf670-1ffc-ea11-a815-0022480822ca}" />
        <Dependent type="80" schemaName="mshied_HigherEd" displayName="Higher Education" />
      </MissingDependency>
      <MissingDependency>
        <Required type="60" displayName="Higher Education Area of Interest Form" parentDisplayName="Area of Interest" solution="EducationAcceleratorCommon (5.0.1.9)" id="{78b71c30-ae51-4603-8549-46a7cb655e01}" />
        <Dependent type="80" schemaName="mshied_HigherEd" displayName="Higher Education" />
      </MissingDependency>
      <MissingDependency>
        <Required type="60" displayName="Higher Education Task Form" parentDisplayName="Task" solution="EducationAcceleratorCommon (5.0.1.9)" id="{805b59a2-acdf-e911-a960-000d3a3b9b3d}" />
        <Dependent type="80" schemaName="mshied_HigherEd" displayName="Higher Education" />
      </MissingDependency>
      <MissingDependency>
        <Required type="60" displayName="Higher Education Area of Study Form" parentDisplayName="Area of Study" solution="EducationAcceleratorCommon (5.0.1.9)" id="{82e4ea49-1a47-40b2-8f1a-94742cb06a5c}" />
        <Dependent type="80" schemaName="mshied_HigherEd" displayName="Higher Education" />
      </MissingDependency>
      <MissingDependency>
        <Required type="60" displayName="Higher Education Extracurricular Participant Form" parentDisplayName="Extracurricular Participant" solution="EducationAcceleratorCommon (5.0.1.9)" id="{849d4cfa-6d59-4a47-bcb9-3b04352607bc}" />
        <Dependent type="80" schemaName="mshied_HigherEd" displayName="Higher Education" />
      </MissingDependency>
      <MissingDependency>
        <Required type="60" displayName="Higher Education Student Status Form" parentDisplayName="Student Status" solution="EducationAcceleratorCommon (5.0.1.9)" id="{85e78804-2cae-4752-86fd-1f8541200ab9}" />
        <Dependent type="80" schemaName="mshied_HigherEd" displayName="Higher Education" />
      </MissingDependency>
      <MissingDependency>
        <Required type="60" displayName="Higher Education Test Score Form" parentDisplayName="Test Score" solution="EducationAcceleratorCommon (5.0.1.9)" id="{8cf350f2-5b92-46ca-bfe9-5bdacd3de8ac}" />
        <Dependent type="80" schemaName="mshied_HigherEd" displayName="Higher Education" />
      </MissingDependency>
      <MissingDependency>
        <Required type="60" displayName="Higher Education Faculty Form" parentDisplayName="Contact" solution="EducationAcceleratorCommon (5.0.1.9)" id="{94eb6fcd-3aa2-4b1f-9eea-f23da74df76f}" />
        <Dependent type="80" schemaName="mshied_HigherEd" displayName="Higher Education" />
      </MissingDependency>
      <MissingDependency>
        <Required type="60" displayName="Higher Education Student Program Type Form" parentDisplayName="Student Program Type" solution="EducationAcceleratorCommon (5.0.1.9)" id="{9c8e7ecf-2300-4062-b5cc-bf2e865d8c46}" />
        <Dependent type="80" schemaName="mshied_HigherEd" displayName="Higher Education" />
      </MissingDependency>
      <MissingDependency>
        <Required type="60" displayName="Higher Education Test Type Form" parentDisplayName="Test Type" solution="EducationAcceleratorCommon (5.0.1.9)" id="{a239b08b-65ba-421d-8f4b-0bc4f41c8a2e}" />
        <Dependent type="80" schemaName="mshied_HigherEd" displayName="Higher Education" />
      </MissingDependency>
      <MissingDependency>
        <Required type="60" displayName="Higher Education Course Section Form" parentDisplayName="Course Section" solution="EducationAcceleratorCommon (5.0.1.9)" id="{a9f0cb36-f395-4ff1-9552-707265a7d818}" />
        <Dependent type="80" schemaName="mshied_HigherEd" displayName="Higher Education" />
      </MissingDependency>
      <MissingDependency>
        <Required type="60" displayName="Higher Education Registration Status Form" parentDisplayName="Registration Status" solution="EducationAcceleratorCommon (5.0.1.9)" id="{aa3edfd3-561a-4b83-942c-c1087737d3e3}" />
        <Dependent type="80" schemaName="mshied_HigherEd" displayName="Higher Education" />
      </MissingDependency>
      <MissingDependency>
        <Required type="60" displayName="Information" parentDisplayName="Internship Applicant" solution="EducationAcceleratorCommon (5.0.1.9)" id="{b5624b8e-e9c1-4bcf-b350-068c24b0fb88}" />
        <Dependent type="80" schemaName="mshied_HigherEd" displayName="Higher Education" />
      </MissingDependency>
      <MissingDependency>
        <Required type="60" displayName="Student Success Path" parentDisplayName="Contact" solution="EducationAcceleratorCommon (5.0.1.9)" id="{be82e057-55b7-4789-886a-5a9dda7e349c}" />
        <Dependent type="80" schemaName="mshied_HigherEd" displayName="Higher Education" />
      </MissingDependency>
      <MissingDependency>
        <Required type="60" displayName="Information" parentDisplayName="Grant Applicant" solution="EducationAcceleratorCommon (5.0.1.9)" id="{befb0ac7-1eb9-44c9-bdfc-de9718e66b71}" />
        <Dependent type="80" schemaName="mshied_HigherEd" displayName="Higher Education" />
      </MissingDependency>
      <MissingDependency>
        <Required type="60" displayName="Higher Education Program Level Form" parentDisplayName="Program Level" solution="EducationAcceleratorCommon (5.0.1.9)" id="{c6650e6d-3230-40e7-a41a-7578c447105a}" />
        <Dependent type="80" schemaName="mshied_HigherEd" displayName="Higher Education" />
      </MissingDependency>
      <MissingDependency>
        <Required type="60" displayName="Education Account Form" parentDisplayName="Account" solution="EducationAcceleratorCommon (5.0.1.9)" id="{d3ee6982-e236-4ec4-922a-48105dc85838}" />
        <Dependent type="80" schemaName="mshied_HigherEd" displayName="Higher Education" />
      </MissingDependency>
      <MissingDependency>
        <Required type="60" displayName="Information" parentDisplayName="Program Requirement" solution="EducationAcceleratorCommon (5.0.1.9)" id="{db95852f-1ff8-4137-b6f2-d7a4d7d6d5db}" />
        <Dependent type="80" schemaName="mshied_HigherEd" displayName="Higher Education" />
      </MissingDependency>
      <MissingDependency>
        <Required type="60" displayName="Higher Education Student Form" parentDisplayName="Contact" solution="EducationAcceleratorCommon (5.0.1.9)" id="{dc419af9-8994-4f86-91db-8d0169c0ad4e}" />
        <Dependent type="80" schemaName="mshied_HigherEd" displayName="Higher Education" />
      </MissingDependency>
      <MissingDependency>
        <Required type="60" displayName="Higher Education Previous Education Form" parentDisplayName="Previous Education" solution="EducationAcceleratorCommon (5.0.1.9)" id="{ea999679-3984-4157-9957-5feb0cc6c986}" />
        <Dependent type="80" schemaName="mshied_HigherEd" displayName="Higher Education" />
      </MissingDependency>
      <MissingDependency>
        <Required type="60" displayName="Business Partner Dashboard" solution="EducationAcceleratorCommon (5.0.1.9)" id="{ed828b48-04df-e911-a968-000d3a3b9825}" />
        <Dependent type="80" schemaName="mshied_HigherEd" displayName="Higher Education" />
      </MissingDependency>
      <MissingDependency>
        <Required type="60" displayName="Higher Education Address Form" parentDisplayName="Address" solution="EducationAcceleratorCommon (5.0.1.9)" id="{ef140875-b7e7-4469-809c-5f4ab700b1d1}" />
        <Dependent type="80" schemaName="mshied_HigherEd" displayName="Higher Education" />
      </MissingDependency>
      <MissingDependency>
        <Required type="60" displayName="Higher Education Extracurricular Activity Form" parentDisplayName="Extracurricular Activity" solution="EducationAcceleratorCommon (5.0.1.9)" id="{f2255de0-9cc7-488f-912b-42ee8dd6c167}" />
        <Dependent type="80" schemaName="mshied_HigherEd" displayName="Higher Education" />
      </MissingDependency>
      <MissingDependency>
        <Required type="60" displayName="Information" parentDisplayName="Scholarship Applicant" solution="EducationAcceleratorCommon (5.0.1.9)" id="{fd9ab5c4-8adc-414e-9b53-dbdcfc551f75}" />
        <Dependent type="80" schemaName="mshied_HigherEd" displayName="Higher Education" />
      </MissingDependency>
      <MissingDependency>
        <Required type="62" schemaName="mshied_HigherEd" solution="EducationAcceleratorCommon (5.0.1.9)" />
        <Dependent type="80" schemaName="mshied_HigherEd" displayName="Higher Education" />
      </MissingDependency>
    </MissingDependencies>
  </SolutionManifest>
</ImportExportXml>