{"properties":{"connectionReferences":{"shared_commondataservice":{"runtimeSource":"embedded","connection":{},"api":{"name":"shared_commondataservice"}}},"definition":{"$schema":"https://schema.management.azure.com/providers/Microsoft.Logic/schemas/2016-06-01/workflowdefinition.json#","contentVersion":"1.0.0.0","parameters":{"$connections":{"defaultValue":{},"type":"Object"},"$authentication":{"defaultValue":{},"type":"SecureObject"}},"triggers":{"When_Applicant_State_Code_changes_on_Grant_Applicant_Record":{"type":"OpenApiConnectionWebhook","inputs":{"host":{"connectionName":"shared_commondataservice","operationId":"SubscribeOnUpdatedItems","apiId":"/providers/Microsoft.PowerApps/apis/shared_commondataservice"},"parameters":{"dataset":"default.cds","table":"mshied_grantapplicants","scope":"User","subscriptionRequest/AttributeFilters":["mshied_applicationstatecode"]},"authentication":"@parameters('$authentication')"}}},"actions":{"Get_Applicant_(Contact)_on_Grant_Applicant_Record":{"runAfter":{},"type":"OpenApiConnection","inputs":{"host":{"connectionName":"shared_commondataservice","operationId":"GetItem_V2","apiId":"/providers/Microsoft.PowerApps/apis/shared_commondataservice"},"parameters":{"dataset":"default.cds","table":"contacts","id":"@triggerOutputs()?['body/_mshied_applicant_value']"},"authentication":"@parameters('$authentication')"}},"Create_a_new_Notification_Task":{"runAfter":{"Get_Applicant_(Contact)_on_Grant_Applicant_Record":["Succeeded"]},"type":"OpenApiConnection","inputs":{"host":{"connectionName":"shared_commondataservice","operationId":"PostItem_V2","apiId":"/providers/Microsoft.PowerApps/apis/shared_commondataservice"},"parameters":{"dataset":"default.cds","table":"tasks","item/subject":"Application Status Change","item/description":"Applicant @{outputs('Get_Applicant_(Contact)_on_Grant_Applicant_Record')?['body/fullname']} has changed their Application Status to @{triggerOutputs()?['body/_mshied_applicationstatecode_label']}.","item/_ownerid_value":"@triggerOutputs()?['body/_ownerid_value']","item/_ownerid_type":"systemusers","item/_regardingobjectid_value":"@outputs('Get_Applicant_(Contact)_on_Grant_Applicant_Record')?['body/contactid']","item/_regardingobjectid_type":"contacts","item/isbilled":false,"item/isworkflowcreated":false},"authentication":"@parameters('$authentication')"}}},"outputs":{}}},"schemaVersion":"1.0.0.0"}