﻿<?xml version="1.0" encoding="utf-8"?>
<ImportExportXml version="9.2.21121.125" SolutionPackageVersion="9.2" languagecode="1033" generatedBy="CrmLive" xmlns:xsi="http://www.w3.org/2001/XMLSchema-instance">
  <SolutionManifest>
    <UniqueName>EducationAcceleratorCommon</UniqueName>
    <LocalizedNames>
      <LocalizedName description="Education Accelerator Common" languagecode="1033" />
    </LocalizedNames>
    <Descriptions />
    <Version>4.0.3.0</Version>
    <Managed>1</Managed>
    <Publisher>
      <UniqueName>educationacceleratorcommon</UniqueName>
      <LocalizedNames>
        <LocalizedName description="Dynamics 365 Education" languagecode="1033" />
      </LocalizedNames>
      <Descriptions>
        <Description description="Education Accelerator Common" languagecode="1033" />
      </Descriptions>
      <EMailAddress xsi:nil="true"></EMailAddress>
      <SupportingWebsiteUrl xsi:nil="true"></SupportingWebsiteUrl>
      <CustomizationPrefix>mshied</CustomizationPrefix>
      <CustomizationOptionValuePrefix>49428</CustomizationOptionValuePrefix>
      <Addresses>
        <Address>
          <AddressNumber>1</AddressNumber>
          <AddressTypeCode>1</AddressTypeCode>
          <City xsi:nil="true"></City>
          <County xsi:nil="true"></County>
          <Country xsi:nil="true"></Country>
          <Fax xsi:nil="true"></Fax>
          <FreightTermsCode xsi:nil="true"></FreightTermsCode>
          <ImportSequenceNumber xsi:nil="true"></ImportSequenceNumber>
          <Latitude xsi:nil="true"></Latitude>
          <Line1 xsi:nil="true"></Line1>
          <Line2 xsi:nil="true"></Line2>
          <Line3 xsi:nil="true"></Line3>
          <Longitude xsi:nil="true"></Longitude>
          <Name xsi:nil="true"></Name>
          <PostalCode xsi:nil="true"></PostalCode>
          <PostOfficeBox xsi:nil="true"></PostOfficeBox>
          <PrimaryContactName xsi:nil="true"></PrimaryContactName>
          <ShippingMethodCode>1</ShippingMethodCode>
          <StateOrProvince xsi:nil="true"></StateOrProvince>
          <Telephone1 xsi:nil="true"></Telephone1>
          <Telephone2 xsi:nil="true"></Telephone2>
          <Telephone3 xsi:nil="true"></Telephone3>
          <TimeZoneRuleVersionNumber xsi:nil="true"></TimeZoneRuleVersionNumber>
          <UPSZone xsi:nil="true"></UPSZone>
          <UTCOffset xsi:nil="true"></UTCOffset>
          <UTCConversionTimeZoneCode xsi:nil="true"></UTCConversionTimeZoneCode>
        </Address>
        <Address>
          <AddressNumber>2</AddressNumber>
          <AddressTypeCode>1</AddressTypeCode>
          <City xsi:nil="true"></City>
          <County xsi:nil="true"></County>
          <Country xsi:nil="true"></Country>
          <Fax xsi:nil="true"></Fax>
          <FreightTermsCode xsi:nil="true"></FreightTermsCode>
          <ImportSequenceNumber xsi:nil="true"></ImportSequenceNumber>
          <Latitude xsi:nil="true"></Latitude>
          <Line1 xsi:nil="true"></Line1>
          <Line2 xsi:nil="true"></Line2>
          <Line3 xsi:nil="true"></Line3>
          <Longitude xsi:nil="true"></Longitude>
          <Name xsi:nil="true"></Name>
          <PostalCode xsi:nil="true"></PostalCode>
          <PostOfficeBox xsi:nil="true"></PostOfficeBox>
          <PrimaryContactName xsi:nil="true"></PrimaryContactName>
          <ShippingMethodCode>1</ShippingMethodCode>
          <StateOrProvince xsi:nil="true"></StateOrProvince>
          <Telephone1 xsi:nil="true"></Telephone1>
          <Telephone2 xsi:nil="true"></Telephone2>
          <Telephone3 xsi:nil="true"></Telephone3>
          <TimeZoneRuleVersionNumber xsi:nil="true"></TimeZoneRuleVersionNumber>
          <UPSZone xsi:nil="true"></UPSZone>
          <UTCOffset xsi:nil="true"></UTCOffset>
          <UTCConversionTimeZoneCode xsi:nil="true"></UTCConversionTimeZoneCode>
        </Address>
      </Addresses>
    </Publisher>
    <RootComponents>
      <RootComponent type="1" schemaName="account" behavior="2" />
      <RootComponent type="1" schemaName="appointment" behavior="2" />
      <RootComponent type="1" schemaName="connection" behavior="2" />
      <RootComponent type="1" schemaName="contact" behavior="2" />
      <RootComponent type="1" schemaName="customeraddress" behavior="2" />
      <RootComponent type="1" schemaName="mshied_academicperiod" behavior="0" />
      <RootComponent type="1" schemaName="mshied_academicperioddetails" behavior="0" />
      <RootComponent type="1" schemaName="mshied_academicsubject" behavior="0" />
      <RootComponent type="1" schemaName="mshied_accomplishments" behavior="0" />
      <RootComponent type="1" schemaName="mshied_achievement" behavior="0" />
      <RootComponent type="1" schemaName="mshied_areaofinterest" behavior="0" />
      <RootComponent type="1" schemaName="mshied_areaofstudy" behavior="0" />
      <RootComponent type="1" schemaName="mshied_bellschedule" behavior="0" />
      <RootComponent type="1" schemaName="mshied_bellscheduletime" behavior="0" />
      <RootComponent type="1" schemaName="mshied_certification" behavior="0" />
      <RootComponent type="1" schemaName="mshied_certificationprocess" behavior="0" />
      <RootComponent type="1" schemaName="mshied_certificationrequirement" behavior="0" />
      <RootComponent type="1" schemaName="mshied_course" behavior="0" />
      <RootComponent type="1" schemaName="mshied_coursehistory" behavior="0" />
      <RootComponent type="1" schemaName="mshied_coursesection" behavior="0" />
      <RootComponent type="1" schemaName="mshied_credential" behavior="0" />
      <RootComponent type="1" schemaName="mshied_educationlevel" behavior="0" />
      <RootComponent type="1" schemaName="mshied_externalsystem" behavior="0" />
      <RootComponent type="1" schemaName="mshied_externalsystemidentifier" behavior="0" />
      <RootComponent type="1" schemaName="mshied_extracurricularactivities" behavior="0" />
      <RootComponent type="1" schemaName="mshied_extracurricularparticipant" behavior="0" />
      <RootComponent type="1" schemaName="mshied_internship" behavior="0" />
      <RootComponent type="1" schemaName="mshied_internshipapplicant" behavior="0" />
      <RootComponent type="1" schemaName="mshied_internshipapplicationflow" behavior="0" />
      <RootComponent type="1" schemaName="mshied_previouseducation" behavior="0" />
      <RootComponent type="1" schemaName="mshied_program" behavior="0" />
      <RootComponent type="1" schemaName="mshied_programlevel" behavior="0" />
      <RootComponent type="1" schemaName="mshied_programrequirement" behavior="0" />
      <RootComponent type="1" schemaName="mshied_programversion" behavior="0" />
      <RootComponent type="1" schemaName="mshied_programversiondetail" behavior="0" />
      <RootComponent type="1" schemaName="mshied_recommendedstudentresource" behavior="0" />
      <RootComponent type="1" schemaName="mshied_registrationstatus" behavior="0" />
      <RootComponent type="1" schemaName="mshied_scholarship" behavior="0" />
      <RootComponent type="1" schemaName="mshied_scholarshipapplicant" behavior="0" />
      <RootComponent type="1" schemaName="mshied_scholarshipapplicationbusinessprocessflow" behavior="0" />
      <RootComponent type="1" schemaName="mshied_schoolcalendar" behavior="0" />
      <RootComponent type="1" schemaName="mshied_schoolcalendardate" behavior="0" />
      <RootComponent type="1" schemaName="mshied_studentprogramtype" behavior="0" />
      <RootComponent type="1" schemaName="mshied_studentresource" behavior="0" />
      <RootComponent type="1" schemaName="mshied_studentstatus" behavior="0" />
      <RootComponent type="1" schemaName="mshied_testscore" behavior="0" />
      <RootComponent type="1" schemaName="mshied_testtype" behavior="0" />
      <RootComponent type="1" schemaName="systemuser" behavior="2" />
      <RootComponent type="1" schemaName="task" behavior="2" />
      <RootComponent type="9" schemaName="mshied_accomplishmenttype" behavior="0" />
      <RootComponent type="9" schemaName="mshied_achievementtype" behavior="0" />
      <RootComponent type="9" schemaName="mshied_applicationstatecode" behavior="0" />
      <RootComponent type="9" schemaName="mshied_applicationstatus" behavior="0" />
      <RootComponent type="9" schemaName="mshied_appointmentstatus" behavior="0" />
      <RootComponent type="9" schemaName="mshied_bellscheduletype" behavior="0" />
      <RootComponent type="9" schemaName="mshied_calendardatetype" behavior="0" />
      <RootComponent type="9" schemaName="mshied_calendartype" behavior="0" />
      <RootComponent type="9" schemaName="mshied_certificationrequirementtype" behavior="0" />
      <RootComponent type="9" schemaName="mshied_certificationtype" behavior="0" />
      <RootComponent type="9" schemaName="mshied_chartertype" behavior="0" />
      <RootComponent type="9" schemaName="mshied_credentialfield" behavior="0" />
      <RootComponent type="9" schemaName="mshied_credentialstatus" behavior="0" />
      <RootComponent type="9" schemaName="mshied_credentialtype" behavior="0" />
      <RootComponent type="9" schemaName="mshied_days" behavior="0" />
      <RootComponent type="9" schemaName="mshied_enrollmentstatus" behavior="0" />
      <RootComponent type="9" schemaName="mshied_extensionstatus" behavior="0" />
      <RootComponent type="9" schemaName="mshied_languages" behavior="0" />
      <RootComponent type="9" schemaName="mshied_levelassigned" behavior="0" />
      <RootComponent type="9" schemaName="mshied_meridiem" behavior="0" />
      <RootComponent type="9" schemaName="mshied_modeofstudy" behavior="0" />
      <RootComponent type="9" schemaName="mshied_scholarshiptype" behavior="0" />
      <RootComponent type="9" schemaName="mshied_schoolgrade" behavior="0" />
      <RootComponent type="9" schemaName="mshied_schoollevel" behavior="0" />
      <RootComponent type="9" schemaName="mshied_schooltype" behavior="0" />
      <RootComponent type="9" schemaName="mshied_schoolyear" behavior="0" />
      <RootComponent type="9" schemaName="mshied_sourcesystem" behavior="0" />
      <RootComponent type="9" schemaName="mshied_studentresourcetype" behavior="0" />
      <RootComponent type="29" id="{040c650b-719b-43f1-905a-1dc6697de33b}" behavior="0" />
      <RootComponent type="29" id="{15526afb-b34f-45dd-a606-82c6d798835a}" behavior="0" />
      <RootComponent type="29" id="{16b5ffe3-a608-eb11-a813-0022480822ca}" behavior="0" />
      <RootComponent type="29" id="{1ceab136-3925-4394-86c6-0783f967ca42}" behavior="0" />
      <RootComponent type="29" id="{2fb5bb74-2533-ec11-b6e5-000d3a5b4305}" behavior="0" />
      <RootComponent type="29" id="{3e2932f2-6a02-eb11-a813-000d3a33f11e}" behavior="0" />
      <RootComponent type="29" id="{47c746f8-881f-eb11-a813-000d3a378c4b}" behavior="0" />
      <RootComponent type="29" id="{62033d5c-1104-eb11-a813-0022480822ca}" behavior="0" />
      <RootComponent type="29" id="{6534584e-7ddb-4c25-b8be-05d93b1cfe0c}" behavior="0" />
      <RootComponent type="29" id="{7d51d301-3857-4045-a83c-fa662470e0f9}" behavior="0" />
      <RootComponent type="29" id="{81d7b095-6b02-eb11-a813-000d3a33f11e}" behavior="0" />
      <RootComponent type="29" id="{8ae827c1-47c0-49c5-a694-779710c67e2f}" behavior="0" />
      <RootComponent type="29" id="{8c265d91-67a2-eb11-b1ac-00224803b830}" behavior="0" />
      <RootComponent type="29" id="{8ed60c3e-abe3-408b-9de3-631e6088ec26}" behavior="0" />
      <RootComponent type="29" id="{a1cb9b6c-4db8-4c5c-8879-5901e7006115}" behavior="0" />
      <RootComponent type="29" id="{a6dbf0e1-0b0e-4359-b5bd-7b4dd340c90b}" behavior="0" />
      <RootComponent type="29" id="{bf68a6d3-e30e-4abc-98cb-8b635e72e233}" behavior="0" />
      <RootComponent type="29" id="{c031d5ff-6d02-eb11-a813-0022480822ca}" behavior="0" />
      <RootComponent type="29" id="{ecbbc25e-762f-474e-9ea5-c89bb5234f31}" behavior="0" />
      <RootComponent type="60" id="{10a86981-28ce-e811-a967-000d3a1c53e4}" behavior="0" />
      <RootComponent type="60" id="{ed828b48-04df-e911-a968-000d3a3b9825}" behavior="0" />
      <RootComponent type="61" schemaName="mshied_/Scripts/Forms/contact.js" behavior="0" />
      <RootComponent type="61" schemaName="mshied_/Scripts/Forms/mshied_testscore.js" behavior="0" />
      <RootComponent type="61" schemaName="mshied_/Scripts/Utilities/formUtil.js" behavior="0" />
      <RootComponent type="61" schemaName="mshied_AcademicPeriod" behavior="0" />
      <RootComponent type="61" schemaName="mshied_AcademicPeriod16" behavior="0" />
      <RootComponent type="61" schemaName="mshied_academicperiodstatus" behavior="0" />
      <RootComponent type="61" schemaName="mshied_AcademicPeriodStatus16" behavior="0" />
      <RootComponent type="61" schemaName="mshied_AcademicPeriodStatusSVG" behavior="0" />
      <RootComponent type="61" schemaName="mshied_AcademicPeriodSVG" behavior="0" />
      <RootComponent type="61" schemaName="mshied_Address" behavior="0" />
      <RootComponent type="61" schemaName="mshied_Address16" behavior="0" />
      <RootComponent type="61" schemaName="mshied_AddressSVG" behavior="0" />
      <RootComponent type="61" schemaName="mshied_AreaofInterest" behavior="0" />
      <RootComponent type="61" schemaName="mshied_AreaofInterest16" behavior="0" />
      <RootComponent type="61" schemaName="mshied_AreaofInterestSVG" behavior="0" />
      <RootComponent type="61" schemaName="mshied_AreaofStudy" behavior="0" />
      <RootComponent type="61" schemaName="mshied_AreaofStudy16" behavior="0" />
      <RootComponent type="61" schemaName="mshied_AreaofStudySVG" behavior="0" />
      <RootComponent type="61" schemaName="mshied_BellSchedulesIcon" behavior="0" />
      <RootComponent type="61" schemaName="mshied_BellScheduleTimesIcon" behavior="0" />
      <RootComponent type="61" schemaName="mshied_CertificationProcessesIcon" behavior="0" />
      <RootComponent type="61" schemaName="mshied_CertificationRequirementsIcon" behavior="0" />
      <RootComponent type="61" schemaName="mshied_CertificationsIcon" behavior="0" />
      <RootComponent type="61" schemaName="mshied_Course" behavior="0" />
      <RootComponent type="61" schemaName="mshied_Course16" behavior="0" />
      <RootComponent type="61" schemaName="mshied_CourseHistory" behavior="0" />
      <RootComponent type="61" schemaName="mshied_CourseHistory16" behavior="0" />
      <RootComponent type="61" schemaName="mshied_CourseHistorySVG" behavior="0" />
      <RootComponent type="61" schemaName="mshied_CourseSVG" behavior="0" />
      <RootComponent type="61" schemaName="mshied_CredentialsIcon" behavior="0" />
      <RootComponent type="61" schemaName="mshied_EducationLevel" behavior="0" />
      <RootComponent type="61" schemaName="mshied_EducationLevel16" behavior="0" />
      <RootComponent type="61" schemaName="mshied_EducationLevelSVG" behavior="0" />
      <RootComponent type="61" schemaName="mshied_ExtraCurricular" behavior="0" />
      <RootComponent type="61" schemaName="mshied_ExtraCurricular16" behavior="0" />
      <RootComponent type="61" schemaName="mshied_ExtraCurricularSVG" behavior="0" />
      <RootComponent type="61" schemaName="mshied_Graduate" behavior="0" />
      <RootComponent type="61" schemaName="mshied_HigherEdIconforUI2" behavior="0" />
      <RootComponent type="61" schemaName="mshied_HigherEdPNGApp" behavior="0" />
      <RootComponent type="61" schemaName="mshied_HigherEducationApp" behavior="0" />
      <RootComponent type="61" schemaName="mshied_Internship16" behavior="0" />
      <RootComponent type="61" schemaName="mshied_Internship32" behavior="0" />
      <RootComponent type="61" schemaName="mshied_InternshipSVG" behavior="0" />
      <RootComponent type="61" schemaName="mshied_PreviousEducation" behavior="0" />
      <RootComponent type="61" schemaName="mshied_PreviousEducation16" behavior="0" />
      <RootComponent type="61" schemaName="mshied_PreviousEducationSVG" behavior="0" />
      <RootComponent type="61" schemaName="mshied_Program" behavior="0" />
      <RootComponent type="61" schemaName="mshied_Program16" behavior="0" />
      <RootComponent type="61" schemaName="mshied_ProgramLevel" behavior="0" />
      <RootComponent type="61" schemaName="mshied_ProgramLevel16" behavior="0" />
      <RootComponent type="61" schemaName="mshied_ProgramLevelSVG" behavior="0" />
      <RootComponent type="61" schemaName="mshied_ProgramRequirement.svg" behavior="0" />
      <RootComponent type="61" schemaName="mshied_ProgramRequirement16.png" behavior="0" />
      <RootComponent type="61" schemaName="mshied_ProgramRequirement32.png" behavior="0" />
      <RootComponent type="61" schemaName="mshied_ProgramSVG" behavior="0" />
      <RootComponent type="61" schemaName="mshied_ProgramVersion" behavior="0" />
      <RootComponent type="61" schemaName="mshied_ProgramVersion16" behavior="0" />
      <RootComponent type="61" schemaName="mshied_ProgramVersionDetails" behavior="0" />
      <RootComponent type="61" schemaName="mshied_ProgramVersionDetails16" behavior="0" />
      <RootComponent type="61" schemaName="mshied_ProgramVersionDetailsSVG" behavior="0" />
      <RootComponent type="61" schemaName="mshied_ProgramVersionSVG" behavior="0" />
      <RootComponent type="61" schemaName="mshied_RecommendedStudentResource.svg" behavior="0" />
      <RootComponent type="61" schemaName="mshied_RecommendedStudentResource16.png" behavior="0" />
      <RootComponent type="61" schemaName="mshied_RecommendedStudentResource32.png" behavior="0" />
      <RootComponent type="61" schemaName="mshied_RegistrationStatus" behavior="0" />
      <RootComponent type="61" schemaName="mshied_RegistrationStatus16" behavior="0" />
      <RootComponent type="61" schemaName="mshied_RegistrationStatusSVG" behavior="0" />
      <RootComponent type="61" schemaName="mshied_Role" behavior="0" />
      <RootComponent type="61" schemaName="mshied_Role16" behavior="0" />
      <RootComponent type="61" schemaName="mshied_RoleSVG" behavior="0" />
      <RootComponent type="61" schemaName="mshied_Scholarship16" behavior="0" />
      <RootComponent type="61" schemaName="mshied_Scholarship32" behavior="0" />
      <RootComponent type="61" schemaName="mshied_ScholarshipSVG" behavior="0" />
      <RootComponent type="61" schemaName="mshied_SchoolCalendarDatesIcon" behavior="0" />
      <RootComponent type="61" schemaName="mshied_SchoolCalendarsIcon" behavior="0" />
      <RootComponent type="61" schemaName="mshied_SchoolStatus" behavior="0" />
      <RootComponent type="61" schemaName="mshied_SchoolStatus16" behavior="0" />
      <RootComponent type="61" schemaName="mshied_SchoolStatusSVG" behavior="0" />
      <RootComponent type="61" schemaName="mshied_StaffCourse" behavior="0" />
      <RootComponent type="61" schemaName="mshied_StaffCourse16" behavior="0" />
      <RootComponent type="61" schemaName="mshied_StaffCourseSVG" behavior="0" />
      <RootComponent type="61" schemaName="mshied_StudentCategory" behavior="0" />
      <RootComponent type="61" schemaName="mshied_StudentCategory16" behavior="0" />
      <RootComponent type="61" schemaName="mshied_StudentCategorySVG" behavior="0" />
      <RootComponent type="61" schemaName="mshied_StudentExtraCurricular" behavior="0" />
      <RootComponent type="61" schemaName="mshied_StudentExtraCurricular16" behavior="0" />
      <RootComponent type="61" schemaName="mshied_StudentExtraCurricularSVG" behavior="0" />
      <RootComponent type="61" schemaName="mshied_StudentProgramType" behavior="0" />
      <RootComponent type="61" schemaName="mshied_StudentProgramType16" behavior="0" />
      <RootComponent type="61" schemaName="mshied_StudentProgramTypeSVG" behavior="0" />
      <RootComponent type="61" schemaName="mshied_StudentResource.svg" behavior="0" />
      <RootComponent type="61" schemaName="mshied_StudentResource16.png" behavior="0" />
      <RootComponent type="61" schemaName="mshied_StudentResource32.png" behavior="0" />
      <RootComponent type="61" schemaName="mshied_TestScore" behavior="0" />
      <RootComponent type="61" schemaName="mshied_TestScore16" behavior="0" />
      <RootComponent type="61" schemaName="mshied_TestScoreSVG" behavior="0" />
      <RootComponent type="61" schemaName="mshied_TestType" behavior="0" />
      <RootComponent type="61" schemaName="mshied_TestType16" behavior="0" />
      <RootComponent type="61" schemaName="mshied_TestTypeSVG" behavior="0" />
      <RootComponent type="62" schemaName="mshied_HigherEd" behavior="0" />
    </RootComponents>
    <MissingDependencies>
      <MissingDependency>
        <Required type="2" schemaName="territoryid" displayName="Territory" parentSchemaName="systemuser" parentDisplayName="User" solution="msdynce_AppCommon (9.0.4.0066)">
          <package>msdynce_AppCommonAnchor (9.0.21113.10002)</package>
        </Required>
        <Dependent type="60" displayName="Higher Education User Form" parentDisplayName="User" id="{91d14055-12b2-4d18-9e7c-59603e5a2295}" />
      </MissingDependency>
      <MissingDependency>
        <Required type="26" schemaName="All Institutions" displayName="All Institutions" parentSchemaName="account" parentDisplayName="Account" solution="msdynce_AppCommon (9.0.4.0066)" id="{65ffaf9a-e8c5-432d-860b-32f841b00d87}">
          <package>msdynce_AppCommonAnchor (9.0.21113.10002)</package>
        </Required>
        <Dependent type="26" schemaName="All Institutions" displayName="All Institutions" parentSchemaName="account" parentDisplayName="Account" id="{65ffaf9a-e8c5-432d-860b-32f841b00d87}" />
      </MissingDependency>
      <MissingDependency>
        <Required type="60" displayName="Appointment" parentDisplayName="Appointment" solution="msdynce_Activities (9.0.1.2033)" id="{549a8aa3-c349-4ab9-8bac-4873fa9a7a5c}" />
        <Dependent type="60" displayName="Appointment" parentDisplayName="Appointment" id="{549a8aa3-c349-4ab9-8bac-4873fa9a7a5c}" />
      </MissingDependency>
      <MissingDependency>
        <Required type="60" displayName="Appointment quick create form." parentDisplayName="Appointment" solution="msdynce_Activities (9.0.1.2033)" id="{5895e983-598b-4834-80f9-68a4e9f4f744}" />
        <Dependent type="60" displayName="Appointment quick create form." parentDisplayName="Appointment" id="{5895e983-598b-4834-80f9-68a4e9f4f744}" />
      </MissingDependency>
      <MissingDependency>
        <Required type="61" schemaName="Activities/SystemLibraries/Appointment_main_system_library.js" displayName="Activities/SystemLibraries/Appointment_main_system_library.js" solution="msdynce_Activities (9.0.1.2033)" />
        <Dependent type="60" displayName="Appointment" parentDisplayName="Appointment" id="{549a8aa3-c349-4ab9-8bac-4873fa9a7a5c}" />
      </MissingDependency>
      <MissingDependency>
        <Required type="61" schemaName="AppCommon/Contact/Contact_main_system_library.js" displayName="AppCommon/Contact/Contact_main_system_library.js" solution="msdynce_AppCommon (9.0.4.0066)">
          <package>msdynce_AppCommonAnchor (9.0.21113.10002)</package>
        </Required>
        <Dependent type="60" displayName="Higher Education Student Form" parentDisplayName="Contact" id="{dc419af9-8994-4f86-91db-8d0169c0ad4e}" />
      </MissingDependency>
      <MissingDependency>
        <Required type="61" schemaName="msdyn_/Images/Area_Default_Icon.png" displayName="msdyn_/Images/Area_Default_Icon.png" solution="AppModuleWebResources (2.5)" />
        <Dependent type="62" schemaName="mshied_HigherEd" />
      </MissingDependency>
      <MissingDependency>
        <Required type="66" schemaName="MscrmControls.ActivityCalendarControl.ActivityCalendarControl" displayName="MscrmControls.ActivityCalendarControl.ActivityCalendarControl" solution="msdyn_UCICalendar (1.0.0.1624)" />
        <Dependent type="60" displayName="Information" parentDisplayName="School Calendar" id="{1cec9ca6-d13f-41f0-a7e5-14cd403fd4cc}" />
      </MissingDependency>
      <MissingDependency>
        <Required type="66" schemaName="MscrmControls.FieldControls.ToggleControl" displayName="MscrmControls.FieldControls.ToggleControl" solution="BaseCustomControlsCore (9.0.2111.5017)" />
        <Dependent type="60" displayName="Information" parentDisplayName="Certification Process" id="{257b833f-935d-49d6-bd31-9b3733e6e44c}" />
      </MissingDependency>
      <MissingDependency>
        <Required type="66" schemaName="MscrmControls.NumberInput.NumberInputControl" displayName="MscrmControls.NumberInput.NumberInputControl" solution="BaseCustomControlsCore (9.0.2111.5017)" />
        <Dependent type="60" displayName="Information" parentDisplayName="Bell Schedule Time" id="{ec7541fb-a965-473c-80b0-c874a07a47bb}" />
      </MissingDependency>
      <MissingDependency>
        <Required type="66" schemaName="MscrmControls.OptionSet.OptionSetControl" displayName="MscrmControls.OptionSet.OptionSetControl" solution="CustomControlsCore (9.2.21121.00125)" />
        <Dependent type="60" displayName="Information" parentDisplayName="Bell Schedule Time" id="{ec7541fb-a965-473c-80b0-c874a07a47bb}" />
      </MissingDependency>
      <MissingDependency>
        <Required type="66" schemaName="MscrmControls.RichTextEditor.RichTextEditorControl" displayName="MscrmControls.RichTextEditor.RichTextEditorControl" solution="msdyn_RichTextEditor (1.0.0.1385)" />
        <Dependent type="60" displayName="Appointment" parentDisplayName="Appointment" id="{549a8aa3-c349-4ab9-8bac-4873fa9a7a5c}" />
      </MissingDependency>
      <MissingDependency>
        <Required type="66" schemaName="MscrmControls.RichTextEditor.RichTextEditorControl" displayName="MscrmControls.RichTextEditor.RichTextEditorControl" solution="msdyn_RichTextEditor (1.0.0.1385)" />
        <Dependent type="60" displayName="Appointment quick create form." parentDisplayName="Appointment" id="{5895e983-598b-4834-80f9-68a4e9f4f744}" />
      </MissingDependency>
    </MissingDependencies>
  </SolutionManifest>
</ImportExportXml>