﻿<?xml version="1.0" encoding="utf-8"?>
<ImportExportXml xmlns:xsi="http://www.w3.org/2001/XMLSchema-instance">
  <Entities />
  <Roles />
  <Workflows />
  <FieldSecurityProfiles />
  <Templates />
  <EntityMaps />
  <EntityRelationships />
  <OrganizationSettings />
  <optionsets />
  <WebResources>
    <WebResource>
      <WebResourceId>{5bce800b-4699-ea11-a811-000d3a17769f}</WebResourceId>
      <Name>mshied_K12AppIcon</Name>
      <DisplayName>K12AppIcon</DisplayName>
      <WebResourceType>11</WebResourceType>
      <IntroducedVersion>3.0.0.0</IntroducedVersion>
      <IsEnabledForMobileClient>1</IsEnabledForMobileClient>
      <IsAvailableForMobileOffline>0</IsAvailableForMobileOffline>
      <DependencyXml>&lt;Dependencies&gt;&lt;Dependency componentType="WebResource"/&gt;&lt;/Dependencies&gt;</DependencyXml>
      <IsCustomizable>1</IsCustomizable>
      <CanBeDeleted>1</CanBeDeleted>
      <IsHidden>0</IsHidden>
      <FileName>/WebResources/mshied_K12AppIcon5BCE800B-4699-EA11-A811-000D3A17769F</FileName>
    </WebResource>
  </WebResources>
  <CustomControls />
  <AppModuleSiteMaps>
    <AppModuleSiteMap>
      <SiteMapUniqueName>mshied_K12Education</SiteMapUniqueName>
      <EnableCollapsibleGroups>False</EnableCollapsibleGroups>
      <ShowHome>True</ShowHome>
      <ShowPinned>True</ShowPinned>
      <ShowRecents>True</ShowRecents>
      <SiteMap IntroducedVersion="7.0.0.0">
        <Area Id="New_Area" ResourceId="SitemapDesigner.NewArea" DescriptionResourceId="SitemapDesigner.NewArea" ShowGroups="true" IntroducedVersion="7.0.0.0">
          <Titles>
            <Title LCID="1033" Title="K12 Education" />
          </Titles>
          <Group Id="New_Group_ae200c75" ResourceId="SitemapDesigner.NewGroup_ae200c75" DescriptionResourceId="SitemapDesigner.NewGroup2" IsProfile="false" ToolTipResourseId="SitemapDesigner.Unknown">
            <Titles>
              <Title LCID="1033" Title="Key Communications" />
            </Titles>
            <SubArea Id="NewSubArea_dfaf3200" Icon="/_imgs/imagestrips/transparent_spacer.gif" Entity="activitypointer" Client="Outlook,OutlookLaptopClient,OutlookWorkstationClient,Web" AvailableOffline="true" PassParams="false" Sku="All,Live,OnPremise,SPLA" />
          </Group>
          <Group Id="New_Group" ResourceId="SitemapDesigner.NewGroup" DescriptionResourceId="SitemapDesigner.NewGroup" IntroducedVersion="7.0.0.0" IsProfile="false" ToolTipResourseId="SitemapDesigner.Unknown">
            <Titles>
              <Title LCID="1033" Title="Attendance" />
            </Titles>
            <SubArea Id="New_SubArea" Icon="/_imgs/imagestrips/transparent_spacer.gif" IntroducedVersion="7.0.0.0" Entity="mshied_attendance" Client="All,Outlook,OutlookLaptopClient,OutlookWorkstationClient,Web" AvailableOffline="true" PassParams="false" Sku="All,OnPremise,Live,SPLA" />
            <SubArea Id="NewSubArea_bf539d9" Icon="/_imgs/imagestrips/transparent_spacer.gif" Entity="contact" Client="All,Outlook,OutlookLaptopClient,OutlookWorkstationClient,Web" AvailableOffline="true" PassParams="false" Sku="All,OnPremise,Live,SPLA" />
            <SubArea Id="NewSubArea_8ab4f45d" Icon="/_imgs/imagestrips/transparent_spacer.gif" Entity="mshied_gradingperiod" Client="All,Outlook,OutlookLaptopClient,OutlookWorkstationClient,Web" AvailableOffline="true" PassParams="false" Sku="All,OnPremise,Live,SPLA" />
            <SubArea Id="NewSubArea_8ab4f58d" Icon="/_imgs/imagestrips/transparent_spacer.gif" Entity="appointment" Client="Outlook,OutlookLaptopClient,OutlookWorkstationClient,Web" AvailableOffline="true" PassParams="false" Sku="All,Live,OnPremise,SPLA" />
          </Group>
          <Group Id="NewGroup_40600b47" ResourceId="SitemapDesigner.NewGroup" IsProfile="false" ToolTipResourseId="SitemapDesigner.Unknown">
            <Titles>
              <Title LCID="1033" Title="Course Information" />
            </Titles>
            <SubArea Id="NewSubArea_0991a896" Icon="/_imgs/imagestrips/transparent_spacer.gif" Entity="mshied_course" Client="All,Outlook,OutlookLaptopClient,OutlookWorkstationClient,Web" AvailableOffline="true" PassParams="false" Sku="All,OnPremise,Live,SPLA" />
            <SubArea Id="NewSubArea_476fce3a" Icon="/_imgs/imagestrips/transparent_spacer.gif" Entity="mshied_coursesection" Client="All,Outlook,OutlookLaptopClient,OutlookWorkstationClient,Web" AvailableOffline="true" PassParams="false" Sku="All,OnPremise,Live,SPLA" />
            <SubArea Id="NewSubArea_f447c9fe" Icon="/_imgs/imagestrips/transparent_spacer.gif" Entity="mshied_educationcontent" Client="All,Outlook,OutlookLaptopClient,OutlookWorkstationClient,Web" AvailableOffline="true" PassParams="false" Sku="All,OnPremise,Live,SPLA" />
            <SubArea Id="NewSubArea_476fcd9a" Icon="/_imgs/imagestrips/transparent_spacer.gif" Entity="mshied_academicperiod" Client="All,Outlook,OutlookLaptopClient,OutlookWorkstationClient,Web" AvailableOffline="true" PassParams="false" Sku="All,OnPremise,Live,SPLA" />
            <SubArea Id="NewSubArea_476fcd3c" Icon="/_imgs/imagestrips/transparent_spacer.gif" Entity="mshied_internship" Client="All,Outlook,OutlookLaptopClient,OutlookWorkstationClient,Web" AvailableOffline="true" PassParams="false" Sku="All,OnPremise,Live,SPLA" />
            <SubArea Id="NewSubArea_476fcb4a" Icon="/_imgs/imagestrips/transparent_spacer.gif" Entity="mshied_scholarship" Client="All,Outlook,OutlookLaptopClient,OutlookWorkstationClient,Web" AvailableOffline="true" PassParams="false" Sku="All,OnPremise,Live,SPLA" />
            <SubArea Id="NewSubArea_476fcb7d" Icon="/_imgs/imagestrips/transparent_spacer.gif" Entity="mshied_accomplishments" Client="All,Outlook,OutlookLaptopClient,OutlookWorkstationClient,Web" AvailableOffline="true" PassParams="false" Sku="All,OnPremise,Live,SPLA" />
            <SubArea Id="NewSubArea_586zcb4a" Icon="/_imgs/imagestrips/transparent_spacer.gif" Entity="mshied_extracurricularactivities" Client="All,Outlook,OutlookLaptopClient,OutlookWorkstationClient,Web" AvailableOffline="true" PassParams="false" Sku="All,OnPremise,Live,SPLA" />
            <SubArea Id="NewSubArea_d7608554" Icon="/_imgs/imagestrips/transparent_spacer.gif" Entity="mshied_intervention" Client="All,Outlook,OutlookLaptopClient,OutlookWorkstationClient,Web" AvailableOffline="true" PassParams="false" Sku="All,OnPremise,Live,SPLA" />
          </Group>
          <Group Id="NewGroup_3468b7a9" ResourceId="SitemapDesigner.NewGroup" IsProfile="false" ToolTipResourseId="SitemapDesigner.Unknown">
            <Titles>
              <Title LCID="1033" Title="Assessment Information" />
            </Titles>
            <SubArea Id="NewSubArea_61ca644c" Icon="/_imgs/imagestrips/transparent_spacer.gif" Entity="mshied_assessment" Client="All,Outlook,OutlookLaptopClient,OutlookWorkstationClient,Web" AvailableOffline="true" PassParams="false" Sku="All,OnPremise,Live,SPLA" />
            <SubArea Id="NewSubArea_61ca645w" Icon="/_imgs/imagestrips/transparent_spacer.gif" Entity="mshied_assessmentitem" Client="Outlook,OutlookLaptopClient,OutlookWorkstationClient,Web" AvailableOffline="true" PassParams="false" Sku="All,Live,OnPremise,SPLA" />
            <SubArea Id="NewSubArea_b94eea65" Icon="/_imgs/imagestrips/transparent_spacer.gif" Entity="mshied_assessmentscore" Client="Outlook,OutlookLaptopClient,OutlookWorkstationClient,Web" AvailableOffline="true" PassParams="false" Sku="All,Live,OnPremise,SPLA" />
          </Group>
          <Group Id="NewGroup_ae135c75" ResourceId="SitemapDesigner.NewGroup" IsProfile="false" ToolTipResourseId="SitemapDesigner.Unknown">
            <Titles>
              <Title LCID="1033" Title="Incident Management" />
            </Titles>
            <SubArea Id="NewSubArea_dfaf3713" Icon="/_imgs/imagestrips/transparent_spacer.gif" Entity="mshied_behaviorincident" Client="All,Outlook,OutlookLaptopClient,OutlookWorkstationClient,Web" AvailableOffline="true" PassParams="false" Sku="All,OnPremise,Live,SPLA" />
            <SubArea Id="NewSubArea_dbab3813" Icon="/_imgs/imagestrips/transparent_spacer.gif" Entity="mshied_incidenttype" Client="Outlook,OutlookLaptopClient,OutlookWorkstationClient,Web" AvailableOffline="true" PassParams="false" Sku="All,Live,OnPremise,SPLA" />
            <SubArea Id="NewSubArea_54a36e16" Icon="/_imgs/imagestrips/transparent_spacer.gif" Entity="mshied_learningstandard" Client="All,Outlook,OutlookLaptopClient,OutlookWorkstationClient,Web" AvailableOffline="true" PassParams="false" Sku="All,OnPremise,Live,SPLA" />
          </Group>
          <Group Id="NewGroup_8806f31" ResourceId="SitemapDesigner.NewGroup" IsProfile="false" ToolTipResourseId="SitemapDesigner.Unknown">
            <Titles>
              <Title LCID="1033" Title="Certifications" />
            </Titles>
            <SubArea Id="NewSubArea_0158c7e3" Icon="/_imgs/imagestrips/transparent_spacer.gif" Entity="mshied_certification" Client="All,Outlook,OutlookLaptopClient,OutlookWorkstationClient,Web" AvailableOffline="true" PassParams="false" Sku="All,OnPremise,Live,SPLA" />
            <SubArea Id="NewSubArea_0acab47d" Icon="/_imgs/imagestrips/transparent_spacer.gif" Entity="mshied_certificationrequirement" Client="All,Outlook,OutlookLaptopClient,OutlookWorkstationClient,Web" AvailableOffline="true" PassParams="false" Sku="All,OnPremise,Live,SPLA" />
            <SubArea Id="NewSubArea_c9acd049" Icon="/_imgs/imagestrips/transparent_spacer.gif" Entity="mshied_certificationprocess" Client="All,Outlook,OutlookLaptopClient,OutlookWorkstationClient,Web" AvailableOffline="true" PassParams="false" Sku="All,OnPremise,Live,SPLA" />
            <SubArea Id="NewSubArea_8f25699e" Icon="/_imgs/imagestrips/transparent_spacer.gif" Entity="mshied_credential" Client="All,Outlook,OutlookLaptopClient,OutlookWorkstationClient,Web" AvailableOffline="true" PassParams="false" Sku="All,OnPremise,Live,SPLA" />
          </Group>
          <Group Id="NewGroup_Schedules" ResourceId="SitemapDesigner.NewGroup" IsProfile="false" ToolTipResourseId="SitemapDesigner.Unknown">
            <Titles>
              <Title LCID="1033" Title="Schedules" />
            </Titles>
            <SubArea Id="NewSubArea_b0427bc" Entity="mshied_schoolcalendar" Client="All,Outlook,OutlookLaptopClient,OutlookWorkstationClient,Web" AvailableOffline="true" PassParams="false" Sku="All,OnPremise,Live,SPLA" />
            <SubArea Id="NewSubArea_774675d5" Entity="mshied_bellschedule" Client="All,Outlook,OutlookLaptopClient,OutlookWorkstationClient,Web" AvailableOffline="true" PassParams="false" Sku="All,OnPremise,Live,SPLA" />
          </Group>
        </Area>
      </SiteMap>
      <LocalizedNames>
        <LocalizedName description="K12 Education" languagecode="1033" />
      </LocalizedNames>
    </AppModuleSiteMap>
  </AppModuleSiteMaps>
  <AppModules>
    <AppModule>
      <UniqueName>mshied_K12Education</UniqueName>
      <IntroducedVersion>1.0.0.0</IntroducedVersion>
      <WebResourceId>5bce800b-4699-ea11-a811-000d3a17769f</WebResourceId>
      <OptimizedFor></OptimizedFor>
      <statecode>0</statecode>
      <statuscode>1</statuscode>
      <FormFactor>1</FormFactor>
      <ClientType>4</ClientType>
      <NavigationType>0</NavigationType>
      <AppModuleComponents>
        <AppModuleComponent type="62" schemaName="mshied_K12Education" />
        <AppModuleComponent type="1" schemaName="mshied_academicperiod" />
        <AppModuleComponent type="1" schemaName="account" />
        <AppModuleComponent type="1" schemaName="mshied_assessment" />
        <AppModuleComponent type="1" schemaName="mshied_assessmentdelivery" />
        <AppModuleComponent type="1" schemaName="mshied_assessmentitem" />
        <AppModuleComponent type="1" schemaName="mshied_attendance" />
        <AppModuleComponent type="1" schemaName="mshied_behaviorincident" />
        <AppModuleComponent type="1" schemaName="contact" />
        <AppModuleComponent type="1" schemaName="mshied_course" />
        <AppModuleComponent type="1" schemaName="mshied_coursesection" />
        <AppModuleComponent type="1" schemaName="mshied_educationcontent" />
        <AppModuleComponent type="1" schemaName="mshied_gradingperiod" />
        <AppModuleComponent type="60" id="{8db4cac0-2da2-403a-a4d8-1e20b2e28b00}" />
        <AppModuleComponent type="1" schemaName="mshied_incidentaction" />
        <AppModuleComponent type="1" schemaName="mshied_incidenttype" />
        <AppModuleComponent type="1" schemaName="mshied_intervention" />
        <AppModuleComponent type="1" schemaName="mshied_interventionparticipant" />
        <AppModuleComponent type="1" schemaName="mshied_learningstandard" />
        <AppModuleComponent type="1" schemaName="mshied_learningstandardcriteria" />
        <AppModuleComponent type="1" schemaName="mshied_studentassessmentitemresponse" />
        <AppModuleComponent type="1" schemaName="mshied_testscore" />
        <AppModuleComponent type="1" schemaName="mshied_testtype" />
      </AppModuleComponents>
      <AppModuleRoleMaps>
        <Role id="{627090ff-40a3-4053-8790-584edc5be201}" />
        <Role id="{119f245c-3cc8-4b62-b31c-d1a046ced15d}" />
      </AppModuleRoleMaps>
      <LocalizedNames>
        <LocalizedName description="K12 Education" languagecode="1033" />
      </LocalizedNames>
    </AppModule>
  </AppModules>
  <EntityDataProviders />
  <Languages>
    <Language>1033</Language>
  </Languages>
</ImportExportXml>