﻿<?xml version="1.0" encoding="utf-8"?>
<ImportExportXml version="9.2.22102.194" SolutionPackageVersion="9.2" languagecode="1033" generatedBy="CrmLive" xmlns:xsi="http://www.w3.org/2001/XMLSchema-instance">
  <SolutionManifest>
    <UniqueName>EducationK12ModelApps</UniqueName>
    <LocalizedNames>
      <LocalizedName description="Education K12 Model Apps" languagecode="1033" />
    </LocalizedNames>
    <Descriptions>
      <Description description="Education K12 Model Apps" languagecode="1033" />
    </Descriptions>
    <Version>5.0.3.0</Version>
    <Managed>1</Managed>
    <Publisher>
      <UniqueName>educationacceleratorcommon</UniqueName>
      <LocalizedNames>
        <LocalizedName description="Dynamics 365 Education" languagecode="1033" />
      </LocalizedNames>
      <Descriptions>
        <Description description="Education Accelerator Common" languagecode="1033" />
      </Descriptions>
      <EMailAddress xsi:nil="true"></EMailAddress>
      <SupportingWebsiteUrl xsi:nil="true"></SupportingWebsiteUrl>
      <CustomizationPrefix>mshied</CustomizationPrefix>
      <CustomizationOptionValuePrefix>49428</CustomizationOptionValuePrefix>
      <Addresses>
        <Address>
          <AddressNumber>1</AddressNumber>
          <AddressTypeCode>1</AddressTypeCode>
          <City xsi:nil="true"></City>
          <County xsi:nil="true"></County>
          <Country xsi:nil="true"></Country>
          <Fax xsi:nil="true"></Fax>
          <FreightTermsCode xsi:nil="true"></FreightTermsCode>
          <ImportSequenceNumber xsi:nil="true"></ImportSequenceNumber>
          <Latitude xsi:nil="true"></Latitude>
          <Line1 xsi:nil="true"></Line1>
          <Line2 xsi:nil="true"></Line2>
          <Line3 xsi:nil="true"></Line3>
          <Longitude xsi:nil="true"></Longitude>
          <Name xsi:nil="true"></Name>
          <PostalCode xsi:nil="true"></PostalCode>
          <PostOfficeBox xsi:nil="true"></PostOfficeBox>
          <PrimaryContactName xsi:nil="true"></PrimaryContactName>
          <ShippingMethodCode>1</ShippingMethodCode>
          <StateOrProvince xsi:nil="true"></StateOrProvince>
          <Telephone1 xsi:nil="true"></Telephone1>
          <Telephone2 xsi:nil="true"></Telephone2>
          <Telephone3 xsi:nil="true"></Telephone3>
          <TimeZoneRuleVersionNumber xsi:nil="true"></TimeZoneRuleVersionNumber>
          <UPSZone xsi:nil="true"></UPSZone>
          <UTCOffset xsi:nil="true"></UTCOffset>
          <UTCConversionTimeZoneCode xsi:nil="true"></UTCConversionTimeZoneCode>
        </Address>
        <Address>
          <AddressNumber>2</AddressNumber>
          <AddressTypeCode>1</AddressTypeCode>
          <City xsi:nil="true"></City>
          <County xsi:nil="true"></County>
          <Country xsi:nil="true"></Country>
          <Fax xsi:nil="true"></Fax>
          <FreightTermsCode xsi:nil="true"></FreightTermsCode>
          <ImportSequenceNumber xsi:nil="true"></ImportSequenceNumber>
          <Latitude xsi:nil="true"></Latitude>
          <Line1 xsi:nil="true"></Line1>
          <Line2 xsi:nil="true"></Line2>
          <Line3 xsi:nil="true"></Line3>
          <Longitude xsi:nil="true"></Longitude>
          <Name xsi:nil="true"></Name>
          <PostalCode xsi:nil="true"></PostalCode>
          <PostOfficeBox xsi:nil="true"></PostOfficeBox>
          <PrimaryContactName xsi:nil="true"></PrimaryContactName>
          <ShippingMethodCode>1</ShippingMethodCode>
          <StateOrProvince xsi:nil="true"></StateOrProvince>
          <Telephone1 xsi:nil="true"></Telephone1>
          <Telephone2 xsi:nil="true"></Telephone2>
          <Telephone3 xsi:nil="true"></Telephone3>
          <TimeZoneRuleVersionNumber xsi:nil="true"></TimeZoneRuleVersionNumber>
          <UPSZone xsi:nil="true"></UPSZone>
          <UTCOffset xsi:nil="true"></UTCOffset>
          <UTCConversionTimeZoneCode xsi:nil="true"></UTCConversionTimeZoneCode>
        </Address>
      </Addresses>
    </Publisher>
    <RootComponents>
      <RootComponent type="61" schemaName="mshied_K12AppIcon" behavior="0" />
      <RootComponent type="62" schemaName="mshied_K12Education" behavior="0" />
      <RootComponent type="80" schemaName="mshied_K12Education" behavior="0" />
    </RootComponents>
    <MissingDependencies>
      <MissingDependency>
        <Required type="1" schemaName="mshied_academicperiod" displayName="Academic Period" solution="EducationAcceleratorCommon (5.0.1.9)" />
        <Dependent type="62" schemaName="mshied_K12Education" />
      </MissingDependency>
      <MissingDependency>
        <Required type="1" schemaName="mshied_academicperiod" displayName="Academic Period" solution="EducationAcceleratorCommon (5.0.1.9)" />
        <Dependent type="80" schemaName="mshied_K12Education" displayName="K12 Education" />
      </MissingDependency>
      <MissingDependency>
        <Required type="1" schemaName="mshied_accomplishments" displayName="Accomplishments" solution="EducationAcceleratorCommon (5.0.1.9)" />
        <Dependent type="62" schemaName="mshied_K12Education" />
      </MissingDependency>
      <MissingDependency>
        <Required type="1" schemaName="mshied_assessment" displayName="Assessment" solution="EducationAcceleratorCommon (5.0.1.9)" />
        <Dependent type="62" schemaName="mshied_K12Education" />
      </MissingDependency>
      <MissingDependency>
        <Required type="1" schemaName="mshied_assessment" displayName="Assessment" solution="EducationAcceleratorCommon (5.0.1.9)" />
        <Dependent type="80" schemaName="mshied_K12Education" displayName="K12 Education" />
      </MissingDependency>
      <MissingDependency>
        <Required type="1" schemaName="mshied_assessmentdelivery" displayName="Assessment Delivery" solution="EducationAcceleratorCommon (5.0.1.9)" />
        <Dependent type="80" schemaName="mshied_K12Education" displayName="K12 Education" />
      </MissingDependency>
      <MissingDependency>
        <Required type="1" schemaName="mshied_assessmentitem" displayName="Assessment Item" solution="EducationAcceleratorCommon (5.0.1.9)" />
        <Dependent type="62" schemaName="mshied_K12Education" />
      </MissingDependency>
      <MissingDependency>
        <Required type="1" schemaName="mshied_assessmentitem" displayName="Assessment Item" solution="EducationAcceleratorCommon (5.0.1.9)" />
        <Dependent type="80" schemaName="mshied_K12Education" displayName="K12 Education" />
      </MissingDependency>
      <MissingDependency>
        <Required type="1" schemaName="mshied_assessmentscore" displayName="Student Assessment" solution="EducationAcceleratorCommon (5.0.1.9)" />
        <Dependent type="62" schemaName="mshied_K12Education" />
      </MissingDependency>
      <MissingDependency>
        <Required type="1" schemaName="mshied_attendance" displayName="Attendance" solution="EducationAcceleratorCommon (5.0.1.9)" />
        <Dependent type="62" schemaName="mshied_K12Education" />
      </MissingDependency>
      <MissingDependency>
        <Required type="1" schemaName="mshied_attendance" displayName="Attendance" solution="EducationAcceleratorCommon (5.0.1.9)" />
        <Dependent type="80" schemaName="mshied_K12Education" displayName="K12 Education" />
      </MissingDependency>
      <MissingDependency>
        <Required type="1" schemaName="mshied_behaviorincident" displayName="Behavior Incident" solution="EducationAcceleratorCommon (5.0.1.9)" />
        <Dependent type="62" schemaName="mshied_K12Education" />
      </MissingDependency>
      <MissingDependency>
        <Required type="1" schemaName="mshied_behaviorincident" displayName="Behavior Incident" solution="EducationAcceleratorCommon (5.0.1.9)" />
        <Dependent type="80" schemaName="mshied_K12Education" displayName="K12 Education" />
      </MissingDependency>
      <MissingDependency>
        <Required type="1" schemaName="mshied_bellschedule" displayName="Bell Schedule" solution="EducationAcceleratorCommon (5.0.1.9)" />
        <Dependent type="62" schemaName="mshied_K12Education" />
      </MissingDependency>
      <MissingDependency>
        <Required type="1" schemaName="mshied_certification" displayName="Certification" solution="EducationAcceleratorCommon (5.0.1.9)" />
        <Dependent type="62" schemaName="mshied_K12Education" />
      </MissingDependency>
      <MissingDependency>
        <Required type="1" schemaName="mshied_certificationprocess" displayName="Certification Process" solution="EducationAcceleratorCommon (5.0.1.9)" />
        <Dependent type="62" schemaName="mshied_K12Education" />
      </MissingDependency>
      <MissingDependency>
        <Required type="1" schemaName="mshied_certificationrequirement" displayName="Certification Requirement" solution="EducationAcceleratorCommon (5.0.1.9)" />
        <Dependent type="62" schemaName="mshied_K12Education" />
      </MissingDependency>
      <MissingDependency>
        <Required type="1" schemaName="mshied_course" displayName="Course" solution="EducationAcceleratorCommon (5.0.1.9)" />
        <Dependent type="62" schemaName="mshied_K12Education" />
      </MissingDependency>
      <MissingDependency>
        <Required type="1" schemaName="mshied_course" displayName="Course" solution="EducationAcceleratorCommon (5.0.1.9)" />
        <Dependent type="80" schemaName="mshied_K12Education" displayName="K12 Education" />
      </MissingDependency>
      <MissingDependency>
        <Required type="1" schemaName="mshied_coursesection" displayName="Course Section" solution="EducationAcceleratorCommon (5.0.1.9)" />
        <Dependent type="62" schemaName="mshied_K12Education" />
      </MissingDependency>
      <MissingDependency>
        <Required type="1" schemaName="mshied_coursesection" displayName="Course Section" solution="EducationAcceleratorCommon (5.0.1.9)" />
        <Dependent type="80" schemaName="mshied_K12Education" displayName="K12 Education" />
      </MissingDependency>
      <MissingDependency>
        <Required type="1" schemaName="mshied_credential" displayName="Credential" solution="EducationAcceleratorCommon (5.0.1.9)" />
        <Dependent type="62" schemaName="mshied_K12Education" />
      </MissingDependency>
      <MissingDependency>
        <Required type="1" schemaName="mshied_educationcontent" displayName="Education Content" solution="EducationAcceleratorCommon (5.0.1.9)" />
        <Dependent type="62" schemaName="mshied_K12Education" />
      </MissingDependency>
      <MissingDependency>
        <Required type="1" schemaName="mshied_educationcontent" displayName="Education Content" solution="EducationAcceleratorCommon (5.0.1.9)" />
        <Dependent type="80" schemaName="mshied_K12Education" displayName="K12 Education" />
      </MissingDependency>
      <MissingDependency>
        <Required type="1" schemaName="mshied_extracurricularactivities" displayName="Extracurricular Activity" solution="EducationAcceleratorCommon (5.0.1.9)" />
        <Dependent type="62" schemaName="mshied_K12Education" />
      </MissingDependency>
      <MissingDependency>
        <Required type="1" schemaName="mshied_gradingperiod" displayName="Grading Period" solution="EducationAcceleratorCommon (5.0.1.9)" />
        <Dependent type="62" schemaName="mshied_K12Education" />
      </MissingDependency>
      <MissingDependency>
        <Required type="1" schemaName="mshied_gradingperiod" displayName="Grading Period" solution="EducationAcceleratorCommon (5.0.1.9)" />
        <Dependent type="80" schemaName="mshied_K12Education" displayName="K12 Education" />
      </MissingDependency>
      <MissingDependency>
        <Required type="1" schemaName="mshied_incidentaction" displayName="Incident Action" solution="EducationAcceleratorCommon (5.0.1.9)" />
        <Dependent type="80" schemaName="mshied_K12Education" displayName="K12 Education" />
      </MissingDependency>
      <MissingDependency>
        <Required type="1" schemaName="mshied_incidenttype" displayName="Incident Type" solution="EducationAcceleratorCommon (5.0.1.9)" />
        <Dependent type="62" schemaName="mshied_K12Education" />
      </MissingDependency>
      <MissingDependency>
        <Required type="1" schemaName="mshied_incidenttype" displayName="Incident Type" solution="EducationAcceleratorCommon (5.0.1.9)" />
        <Dependent type="80" schemaName="mshied_K12Education" displayName="K12 Education" />
      </MissingDependency>
      <MissingDependency>
        <Required type="1" schemaName="mshied_internship" displayName="Internship" solution="EducationAcceleratorCommon (5.0.1.9)" />
        <Dependent type="62" schemaName="mshied_K12Education" />
      </MissingDependency>
      <MissingDependency>
        <Required type="1" schemaName="mshied_intervention" displayName="Intervention" solution="EducationAcceleratorCommon (5.0.1.9)" />
        <Dependent type="62" schemaName="mshied_K12Education" />
      </MissingDependency>
      <MissingDependency>
        <Required type="1" schemaName="mshied_intervention" displayName="Intervention" solution="EducationAcceleratorCommon (5.0.1.9)" />
        <Dependent type="80" schemaName="mshied_K12Education" displayName="K12 Education" />
      </MissingDependency>
      <MissingDependency>
        <Required type="1" schemaName="mshied_interventionparticipant" displayName="Intervention Participant" solution="EducationAcceleratorCommon (5.0.1.9)" />
        <Dependent type="80" schemaName="mshied_K12Education" displayName="K12 Education" />
      </MissingDependency>
      <MissingDependency>
        <Required type="1" schemaName="mshied_learningstandard" displayName="Learning Standard" solution="EducationAcceleratorCommon (5.0.1.9)" />
        <Dependent type="62" schemaName="mshied_K12Education" />
      </MissingDependency>
      <MissingDependency>
        <Required type="1" schemaName="mshied_learningstandard" displayName="Learning Standard" solution="EducationAcceleratorCommon (5.0.1.9)" />
        <Dependent type="80" schemaName="mshied_K12Education" displayName="K12 Education" />
      </MissingDependency>
      <MissingDependency>
        <Required type="1" schemaName="mshied_learningstandardcriteria" displayName="Learning Standard Criteria" solution="EducationAcceleratorCommon (5.0.1.9)" />
        <Dependent type="80" schemaName="mshied_K12Education" displayName="K12 Education" />
      </MissingDependency>
      <MissingDependency>
        <Required type="1" schemaName="mshied_program" displayName="Program" solution="EducationAcceleratorCommon (5.0.1.9)" />
        <Dependent type="80" schemaName="mshied_K12Education" displayName="K12 Education" />
      </MissingDependency>
      <MissingDependency>
        <Required type="1" schemaName="mshied_scholarship" displayName="Scholarship" solution="EducationAcceleratorCommon (5.0.1.9)" />
        <Dependent type="62" schemaName="mshied_K12Education" />
      </MissingDependency>
      <MissingDependency>
        <Required type="1" schemaName="mshied_schoolcalendar" displayName="School Calendar" solution="EducationAcceleratorCommon (5.0.1.9)" />
        <Dependent type="62" schemaName="mshied_K12Education" />
      </MissingDependency>
      <MissingDependency>
        <Required type="1" schemaName="mshied_studentassessmentitemresponse" displayName="Student Assessment Item Response" solution="EducationAcceleratorCommon (5.0.1.9)" />
        <Dependent type="80" schemaName="mshied_K12Education" displayName="K12 Education" />
      </MissingDependency>
      <MissingDependency>
        <Required type="1" schemaName="mshied_testscore" displayName="Test Score" solution="EducationAcceleratorCommon (5.0.1.9)" />
        <Dependent type="80" schemaName="mshied_K12Education" displayName="K12 Education" />
      </MissingDependency>
      <MissingDependency>
        <Required type="1" schemaName="mshied_testtype" displayName="Test Type" solution="EducationAcceleratorCommon (5.0.1.9)" />
        <Dependent type="80" schemaName="mshied_K12Education" displayName="K12 Education" />
      </MissingDependency>
      <MissingDependency>
        <Required type="60" displayName="K12 Learning Standard" parentDisplayName="Learning Standard" solution="EducationAcceleratorCommon (5.0.1.9)" id="{09d39137-5768-4d4c-bd56-bf384f6162ff}" />
        <Dependent type="80" schemaName="mshied_K12Education" displayName="K12 Education" />
      </MissingDependency>
      <MissingDependency>
        <Required type="60" displayName="Information" parentDisplayName="Assessment Delivery" solution="EducationAcceleratorCommon (5.0.1.9)" id="{2c065b08-f637-4b88-9d54-bf1c28d90853}" />
        <Dependent type="80" schemaName="mshied_K12Education" displayName="K12 Education" />
      </MissingDependency>
      <MissingDependency>
        <Required type="60" displayName="K12 Faculty Form" parentDisplayName="Contact" solution="EducationAcceleratorCommon (5.0.1.9)" id="{2d222cbe-5994-4eba-920f-fc426f6f8efb}" />
        <Dependent type="80" schemaName="mshied_K12Education" displayName="K12 Education" />
      </MissingDependency>
      <MissingDependency>
        <Required type="60" displayName="Information" parentDisplayName="Attendance" solution="EducationAcceleratorCommon (5.0.1.9)" id="{43ebd02d-4f1c-4e52-adcc-3179a93d3c5d}" />
        <Dependent type="80" schemaName="mshied_K12Education" displayName="K12 Education" />
      </MissingDependency>
      <MissingDependency>
        <Required type="60" displayName="Information" parentDisplayName="Learning Standard Criteria" solution="EducationAcceleratorCommon (5.0.1.9)" id="{4b91be34-895c-4b5a-aaca-d0151a4fe754}" />
        <Dependent type="80" schemaName="mshied_K12Education" displayName="K12 Education" />
      </MissingDependency>
      <MissingDependency>
        <Required type="60" displayName="K12 Course Section" parentDisplayName="Course Section" solution="EducationAcceleratorCommon (5.0.1.9)" id="{4fc104b2-d9fa-4f0a-a134-a05637e22fec}" />
        <Dependent type="80" schemaName="mshied_K12Education" displayName="K12 Education" />
      </MissingDependency>
      <MissingDependency>
        <Required type="60" displayName="K12 Incident Type" parentDisplayName="Incident Type" solution="EducationAcceleratorCommon (5.0.1.9)" id="{50f82398-b117-4c2c-b514-bb4b10b6bba2}" />
        <Dependent type="80" schemaName="mshied_K12Education" displayName="K12 Education" />
      </MissingDependency>
      <MissingDependency>
        <Required type="60" displayName="K12 Test Scores" parentDisplayName="Test Score" solution="EducationAcceleratorCommon (5.0.1.9)" id="{620f4f85-8052-4e95-8a0d-4531680fff43}" />
        <Dependent type="80" schemaName="mshied_K12Education" displayName="K12 Education" />
      </MissingDependency>
      <MissingDependency>
        <Required type="60" displayName="K12 Course" parentDisplayName="Course" solution="EducationAcceleratorCommon (5.0.1.9)" id="{670551fc-100e-47a9-b50f-81f91a9505ae}" />
        <Dependent type="80" schemaName="mshied_K12Education" displayName="K12 Education" />
      </MissingDependency>
      <MissingDependency>
        <Required type="60" displayName="Program Form" parentDisplayName="Program" solution="EducationAcceleratorCommon (5.0.1.9)" id="{69476e94-5a22-ed11-b83e-002248205e71}" />
        <Dependent type="80" schemaName="mshied_K12Education" displayName="K12 Education" />
      </MissingDependency>
      <MissingDependency>
        <Required type="60" displayName="Information" parentDisplayName="Incident Action" solution="EducationAcceleratorCommon (5.0.1.9)" id="{729ab6f4-5de4-4d08-9194-62b7e6a7d8c6}" />
        <Dependent type="80" schemaName="mshied_K12Education" displayName="K12 Education" />
      </MissingDependency>
      <MissingDependency>
        <Required type="60" displayName="K12 Assessment" parentDisplayName="Assessment" solution="EducationAcceleratorCommon (5.0.1.9)" id="{7b5ffc2e-d065-4f5b-8f10-6546b7d3a10b}" />
        <Dependent type="80" schemaName="mshied_K12Education" displayName="K12 Education" />
      </MissingDependency>
      <MissingDependency>
        <Required type="60" displayName="Information" parentDisplayName="Grading Period" solution="EducationAcceleratorCommon (5.0.1.9)" id="{8db4cac0-2da2-403a-a4d8-1e20b2e28b00}" />
        <Dependent type="80" schemaName="mshied_K12Education" displayName="K12 Education" />
      </MissingDependency>
      <MissingDependency>
        <Required type="60" displayName="K12 Behavior Incident" parentDisplayName="Behavior Incident" solution="EducationAcceleratorCommon (5.0.1.9)" id="{936d9931-e184-4208-9410-be74675ed2ea}" />
        <Dependent type="80" schemaName="mshied_K12Education" displayName="K12 Education" />
      </MissingDependency>
      <MissingDependency>
        <Required type="60" displayName="Higher Education Test Type Form" parentDisplayName="Test Type" solution="EducationAcceleratorCommon (5.0.1.9)" id="{a239b08b-65ba-421d-8f4b-0bc4f41c8a2e}" />
        <Dependent type="80" schemaName="mshied_K12Education" displayName="K12 Education" />
      </MissingDependency>
      <MissingDependency>
        <Required type="60" displayName="Assessment Item" parentDisplayName="Assessment Item" solution="EducationAcceleratorCommon (5.0.1.9)" id="{a48f7196-7bec-4cf9-a3f0-7cb88b468de5}" />
        <Dependent type="80" schemaName="mshied_K12Education" displayName="K12 Education" />
      </MissingDependency>
      <MissingDependency>
        <Required type="60" displayName="K12 Education Content" parentDisplayName="Education Content" solution="EducationAcceleratorCommon (5.0.1.9)" id="{bacfcb6c-1456-4728-8d1e-75056764047f}" />
        <Dependent type="80" schemaName="mshied_K12Education" displayName="K12 Education" />
      </MissingDependency>
      <MissingDependency>
        <Required type="60" displayName="K12 Academic Period" parentDisplayName="Academic Period" solution="EducationAcceleratorCommon (5.0.1.9)" id="{c8801616-bd54-44fe-a0f8-bba1aa2df5b5}" />
        <Dependent type="80" schemaName="mshied_K12Education" displayName="K12 Education" />
      </MissingDependency>
      <MissingDependency>
        <Required type="60" displayName="K12 Intervention" parentDisplayName="Intervention" solution="EducationAcceleratorCommon (5.0.1.9)" id="{cf7cf521-1ebc-4ccd-9695-4c14f8ee5b7d}" />
        <Dependent type="80" schemaName="mshied_K12Education" displayName="K12 Education" />
      </MissingDependency>
      <MissingDependency>
        <Required type="60" displayName="Higher Education Account Form" parentDisplayName="Account" solution="EducationAcceleratorCommon (5.0.1.9)" id="{d3ee6982-e236-4ec4-922a-48105dc85838}" />
        <Dependent type="80" schemaName="mshied_K12Education" displayName="K12 Education" />
      </MissingDependency>
      <MissingDependency>
        <Required type="60" displayName="Information" parentDisplayName="Student Assessment Item Response" solution="EducationAcceleratorCommon (5.0.1.9)" id="{d947c571-0c98-4b46-835a-64695c2bf792}" />
        <Dependent type="80" schemaName="mshied_K12Education" displayName="K12 Education" />
      </MissingDependency>
      <MissingDependency>
        <Required type="60" displayName="K12 Student Form" parentDisplayName="Contact" solution="EducationAcceleratorCommon (5.0.1.9)" id="{e36924e9-45cc-46ce-a270-5c7b2c7d2591}" />
        <Dependent type="80" schemaName="mshied_K12Education" displayName="K12 Education" />
      </MissingDependency>
      <MissingDependency>
        <Required type="60" displayName="Information" parentDisplayName="Intervention Participant" solution="EducationAcceleratorCommon (5.0.1.9)" id="{e4f7fc4c-8ebb-4514-8086-791b26d122c6}" />
        <Dependent type="80" schemaName="mshied_K12Education" displayName="K12 Education" />
      </MissingDependency>
    </MissingDependencies>
  </SolutionManifest>
</ImportExportXml>