﻿<?xml version="1.0" encoding="utf-8"?>
<ImportExportXml xmlns:xsi="http://www.w3.org/2001/XMLSchema-instance">
  <Entities>
    <Entity>
      <Name LocalizedName="Course Section" OriginalName="Course Section">mshied_coursesection</Name>
      <RibbonDiffXml>
        <CustomActions>
          <CustomAction Id="mshied.mshied_coursesection.CloneRecord.CloneRecord.CustomAction" Location="Mscrm.HomepageGrid.mshied_coursesection.MainTab.Management.Controls._children" Sequence="28">
            <CommandUIDefinition>
              <Button Alt="$LocLabels:mshied.mshied_coursesection.CloneRecord.CloneRecord.Alt" Command="mshied.mshied_coursesection.CloneRecordCommand.CloneRecordCommand" Id="mshied.mshied_coursesection.CloneRecord.CloneRecord" Image32by32="" Image16by16="" LabelText="$LocLabels:mshied.mshied_coursesection.CloneRecord.CloneRecord.LabelText" Sequence="28" TemplateAlias="o2" ToolTipTitle="$LocLabels:mshied.mshied_coursesection.CloneRecord.CloneRecord.ToolTipTitle" ToolTipDescription="$LocLabels:mshied.mshied_coursesection.CloneRecord.CloneRecord.ToolTipDescription" ModernImage="$webresource:mshied_CloneRecordSVG" />
            </CommandUIDefinition>
          </CustomAction>
          <CustomAction Id="mshied.mshied_coursesection.CloneRecordButton.CloneRecordButton.CustomAction" Location="Mscrm.Form.mshied_coursesection.MainTab.Save.Controls._children" Sequence="45">
            <CommandUIDefinition>
              <Button Alt="$LocLabels:mshied.mshied_coursesection.CloneRecordButton.CloneRecordButton.Alt" Command="mshied.mshied_coursesection.FormCloneRecordCommand.FormCloneRecordCommand" Id="mshied.mshied_coursesection.CloneRecordButton.CloneRecordButton" Image32by32="" Image16by16="" LabelText="$LocLabels:mshied.mshied_coursesection.CloneRecordButton.CloneRecordButton.LabelText" Sequence="45" TemplateAlias="o2" ToolTipTitle="$LocLabels:mshied.mshied_coursesection.CloneRecordButton.CloneRecordButton.ToolTipTitle" ToolTipDescription="$LocLabels:mshied.mshied_coursesection.CloneRecordButton.CloneRecordButton.ToolTipDescription" ModernImage="$webresource:mshied_CloneRecordSVG" />
            </CommandUIDefinition>
          </CustomAction>
        </CustomActions>
        <Templates>
          <RibbonTemplates Id="Mscrm.Templates"></RibbonTemplates>
        </Templates>
        <CommandDefinitions>
          <CommandDefinition Id="mshied.mshied_coursesection.CloneRecordCommand.CloneRecordCommand">
            <EnableRules>
              <EnableRule Id="mshied.mshied_coursesection.CloneRecordEnableRule.CloneRecordEnableRule" />
            </EnableRules>
            <DisplayRules />
            <Actions>
              <JavaScriptFunction FunctionName="cloneRecord" Library="$webresource:mshied_clonerecord.js">
                <CrmParameter Value="FirstSelectedItemId" />
                <CrmParameter Value="PrimaryEntityTypeName" />
              </JavaScriptFunction>
            </Actions>
          </CommandDefinition>
          <CommandDefinition Id="mshied.mshied_coursesection.FormCloneRecordCommand.FormCloneRecordCommand">
            <EnableRules>
              <EnableRule Id="mshied.mshied_coursesection.CloneRecordFormEnableRule.CloneRecordFormEnableRule" />
            </EnableRules>
            <DisplayRules />
            <Actions>
              <JavaScriptFunction FunctionName="cloneRecord" Library="$webresource:mshied_clonerecord.js">
                <CrmParameter Value="FirstPrimaryItemId" />
                <CrmParameter Value="PrimaryEntityTypeName" />
              </JavaScriptFunction>
            </Actions>
          </CommandDefinition>
        </CommandDefinitions>
        <RuleDefinitions>
          <TabDisplayRules />
          <DisplayRules />
          <EnableRules>
            <EnableRule Id="mshied.mshied_coursesection.CloneRecordEnableRule.CloneRecordEnableRule">
              <SelectionCountRule AppliesTo="PrimaryEntity" Minimum="1" Maximum="1" />
            </EnableRule>
            <EnableRule Id="mshied.mshied_coursesection.CloneRecordFormEnableRule.CloneRecordFormEnableRule">
              <FormStateRule State="Create" Default="false" InvertResult="true" />
            </EnableRule>
          </EnableRules>
        </RuleDefinitions>
        <LocLabels>
          <LocLabel Id="mshied.mshied_coursesection.CloneRecord.CloneRecord.Alt">
            <Titles>
              <Title description="Clone Record" languagecode="1033" />
            </Titles>
          </LocLabel>
          <LocLabel Id="mshied.mshied_coursesection.CloneRecord.CloneRecord.LabelText">
            <Titles>
              <Title description="Clone Record" languagecode="1033" />
            </Titles>
          </LocLabel>
          <LocLabel Id="mshied.mshied_coursesection.CloneRecord.CloneRecord.ToolTipDescription">
            <Titles>
              <Title description="Clone Record" languagecode="1033" />
            </Titles>
          </LocLabel>
          <LocLabel Id="mshied.mshied_coursesection.CloneRecord.CloneRecord.ToolTipTitle">
            <Titles>
              <Title description="Clone Record" languagecode="1033" />
            </Titles>
          </LocLabel>
          <LocLabel Id="mshied.mshied_coursesection.CloneRecordButton.CloneRecordButton.Alt">
            <Titles>
              <Title description="Clone Record" languagecode="1033" />
            </Titles>
          </LocLabel>
          <LocLabel Id="mshied.mshied_coursesection.CloneRecordButton.CloneRecordButton.LabelText">
            <Titles>
              <Title description="Clone Record" languagecode="1033" />
            </Titles>
          </LocLabel>
          <LocLabel Id="mshied.mshied_coursesection.CloneRecordButton.CloneRecordButton.ToolTipDescription">
            <Titles>
              <Title description="Clone Record" languagecode="1033" />
            </Titles>
          </LocLabel>
          <LocLabel Id="mshied.mshied_coursesection.CloneRecordButton.CloneRecordButton.ToolTipTitle">
            <Titles>
              <Title description="Clone Record" languagecode="1033" />
            </Titles>
          </LocLabel>
        </LocLabels>
      </RibbonDiffXml>
    </Entity>
  </Entities>
  <Roles />
  <Workflows />
  <FieldSecurityProfiles />
  <Templates />
  <EntityMaps />
  <EntityRelationships />
  <OrganizationSettings />
  <optionsets />
  <WebResources>
    <WebResource>
      <WebResourceId>{c7cd2c61-4919-ed11-b83e-000d3a1a869c}</WebResourceId>
      <Name>mshied_clonerecord.js</Name>
      <DisplayName>mshied_CloneRecord.js</DisplayName>
      <LanguageCode>1033</LanguageCode>
      <WebResourceType>3</WebResourceType>
      <IntroducedVersion>1.0.0.1</IntroducedVersion>
      <IsEnabledForMobileClient>0</IsEnabledForMobileClient>
      <IsAvailableForMobileOffline>0</IsAvailableForMobileOffline>
      <DependencyXml>&lt;Dependencies&gt;&lt;Dependency componentType="WebResource"/&gt;&lt;/Dependencies&gt;</DependencyXml>
      <IsCustomizable>1</IsCustomizable>
      <CanBeDeleted>1</CanBeDeleted>
      <IsHidden>0</IsHidden>
      <FileName>/WebResources/mshied_clonerecordjsC7CD2C61-4919-ED11-B83E-000D3A1A869C</FileName>
    </WebResource>
    <WebResource>
      <WebResourceId>{a6562a61-8824-ed11-b83e-000d3a578d0c}</WebResourceId>
      <Name>mshied_CloneRecordSVG</Name>
      <DisplayName>Clone Record SVG</DisplayName>
      <LanguageCode>0</LanguageCode>
      <WebResourceType>11</WebResourceType>
      <IntroducedVersion>1.0.0.7</IntroducedVersion>
      <IsEnabledForMobileClient>1</IsEnabledForMobileClient>
      <IsAvailableForMobileOffline>0</IsAvailableForMobileOffline>
      <IsCustomizable>1</IsCustomizable>
      <CanBeDeleted>1</CanBeDeleted>
      <IsHidden>0</IsHidden>
      <FileName>/WebResources/mshied_CloneRecordSVGA6562A61-8824-ED11-B83E-000D3A578D0C</FileName>
    </WebResource>
    <WebResource>
      <WebResourceId>{9c98c98f-f929-ed11-9db1-002248238de5}</WebResourceId>
      <Name>mshied_localizedString_1033</Name>
      <DisplayName>LocalizedString_1033</DisplayName>
      <LanguageCode>1033</LanguageCode>
      <WebResourceType>12</WebResourceType>
      <IntroducedVersion>1.0.0.10</IntroducedVersion>
      <IsEnabledForMobileClient>0</IsEnabledForMobileClient>
      <IsAvailableForMobileOffline>0</IsAvailableForMobileOffline>
      <DependencyXml>&lt;Dependencies&gt;&lt;Dependency componentType="WebResource"/&gt;&lt;/Dependencies&gt;</DependencyXml>
      <IsCustomizable>1</IsCustomizable>
      <CanBeDeleted>1</CanBeDeleted>
      <IsHidden>0</IsHidden>
      <FileName>/WebResources/mshied_localizedString_10339C98C98F-F929-ED11-9DB1-002248238DE5</FileName>
    </WebResource>
  </WebResources>
  <CustomControls />
  <SolutionPluginAssemblies>
    <PluginAssembly FullName="Microsoft.Education.Core.Plugins, Version=1.0.0.0, Culture=neutral, PublicKeyToken=31bf3856ad364e35" PluginAssemblyId="759b8ed4-cc03-4cab-a858-40eb63d111e1" CustomizationLevel="1">
      <IsolationMode>2</IsolationMode>
      <SourceType>0</SourceType>
      <IntroducedVersion>1.0</IntroducedVersion>
      <FileName>/PluginAssemblies/MicrosoftEducationCorePlugins-759B8ED4-CC03-4CAB-A858-40EB63D111E1/MicrosoftEducationCorePlugins.dll</FileName>
      <PluginTypes>
        <PluginType AssemblyQualifiedName="Microsoft.Education.Core.Plugins.CloneRecord, Microsoft.Education.Core.Plugins, Version=1.0.0.0, Culture=neutral, PublicKeyToken=31bf3856ad364e35" PluginTypeId="312e9da1-fb6a-4328-a113-479bd7b3e2ce" Name="Microsoft.Education.Core.Plugins.CloneRecord">
          <FriendlyName>0c0d92c6-2f29-4ba7-86dd-5571b4e8cc90</FriendlyName>
        </PluginType>
        <PluginType AssemblyQualifiedName="Microsoft.Education.Core.Plugins.CourseEnrollmentCalculations, Microsoft.Education.Core.Plugins, Version=1.0.0.0, Culture=neutral, PublicKeyToken=31bf3856ad364e35" PluginTypeId="4f616efd-4a95-416a-91d9-682ace85a180" Name="Microsoft.Education.Core.Plugins.CourseEnrollmentCalculations">
          <FriendlyName>8d507ce4-b8da-4a25-9645-479985110518</FriendlyName>
        </PluginType>
        <PluginType AssemblyQualifiedName="Microsoft.Education.Core.Plugins.SetPrimarySchool, Microsoft.Education.Core.Plugins, Version=1.0.0.0, Culture=neutral, PublicKeyToken=31bf3856ad364e35" PluginTypeId="68775c0e-5963-4641-baef-20e1e6555363" Name="Microsoft.Education.Core.Plugins.SetPrimarySchool">
          <FriendlyName>705e602a-1f73-47e1-a7fd-b7fd7151672a</FriendlyName>
        </PluginType>
        <PluginType AssemblyQualifiedName="Microsoft.Education.Core.Plugins.TotalStudentsEnrolledPlugin, Microsoft.Education.Core.Plugins, Version=1.0.0.0, Culture=neutral, PublicKeyToken=31bf3856ad364e35" PluginTypeId="3ccacb4b-f0a0-429f-8097-b9b70ace2313" Name="Microsoft.Education.Core.Plugins.TotalStudentsEnrolledPlugin">
          <FriendlyName>45e62caa-50c3-4ba2-9482-d754c5b819fb</FriendlyName>
        </PluginType>
      </PluginTypes>
    </PluginAssembly>
  </SolutionPluginAssemblies>
  <SdkMessageProcessingSteps>
    <SdkMessageProcessingStep Name="Microsoft.Education.Core.Plugins.CloneRecord: mshied_Clone of any Entity" SdkMessageProcessingStepId="{5d1d17cc-212a-ed11-9db1-00224820e71a}">
      <SdkMessageName>mshied_Clone</SdkMessageName>
      <PluginTypeName>Microsoft.Education.Core.Plugins.CloneRecord, Microsoft.Education.Core.Plugins, Version=1.0.0.0, Culture=neutral, PublicKeyToken=31bf3856ad364e35</PluginTypeName>
      <PluginTypeId>312e9da1-fb6a-4328-a113-479bd7b3e2ce</PluginTypeId>
      <AsyncAutoDelete>0</AsyncAutoDelete>
      <Configuration>&lt;?xml version="1.0" encoding="utf-8"?&gt;
&lt;TargetEntities&gt;
  &lt;TargetEntity name="mshied_coursesection" primaryattribute="mshied_name"&gt;
&lt;columns&gt;mshied_registrationstartdate;mshied_registrationenddate;mshied_campusid;mshied_coursedaytime;mshied_courseid;mshied_externalidentifier;mshied_externalsystem;mshied_instructorid;mshied_location;mshied_name;mshied_prerequisites;mshied_localcoursecode;mshied_enrollmentlimit;mshied_coursesectiontype;mshied_organization;mshied_suppliesandmaterials;mshied_enrollmentrequirements;mshied_adminapproval;mshied_approvalcriteria;mshied_allowwaitlist&lt;/columns&gt;
    &lt;RelatedOnetoManyEntities&gt;
    &lt;/RelatedOnetoManyEntities&gt;
    &lt;RelatedManytoManyEntities&gt;
      &lt;RelatedEntity name="mshied_programlevel" RelationshipName="mshied_coursesection_mshied_programlevel_" RelationshipTable="mshied_coursesection_mshied_programleve"/&gt;
      &lt;RelatedEntity name="mshied_academicsubject" RelationshipName="mshied_coursesection_mshied_AcademicSubje" RelationshipTable="mshied_coursesection_mshied_academicsub"/&gt;
      &lt;RelatedEntity name="mshied_program" RelationshipName="mshied_coursesection_mshied_program" RelationshipTable="mshied_coursesection_mshied_program"/&gt;
    &lt;/RelatedManytoManyEntities&gt;
  &lt;/TargetEntity&gt;
&lt;/TargetEntities&gt;</Configuration>
      <Description>Microsoft.Education.Core.Plugins.CloneRecord: mshied_Clone of any Entity</Description>
      <FilteringAttributes></FilteringAttributes>
      <InvocationSource>0</InvocationSource>
      <Mode>0</Mode>
      <Rank>1</Rank>
      <EventHandlerTypeCode>4602</EventHandlerTypeCode>
      <Stage>40</Stage>
      <IsCustomizable>1</IsCustomizable>
      <IsHidden>0</IsHidden>
      <SupportedDeployment>0</SupportedDeployment>
      <IntroducedVersion>1.0</IntroducedVersion>
      <SdkMessageProcessingStepImages />
    </SdkMessageProcessingStep>
    <SdkMessageProcessingStep Name="Microsoft.Education.Core.Plugins.TotalStudentsEnrolledPlugin: Delete of mshied_coursehistory" SdkMessageProcessingStepId="{655e426d-8529-ed11-9db1-002248238de5}">
      <SdkMessageId>a1bdbb1b-ea3e-db11-86a7-000a3a5473e8</SdkMessageId>
      <PluginTypeName>Microsoft.Education.Core.Plugins.TotalStudentsEnrolledPlugin, Microsoft.Education.Core.Plugins, Version=1.0.0.0, Culture=neutral, PublicKeyToken=31bf3856ad364e35</PluginTypeName>
      <PluginTypeId>3ccacb4b-f0a0-429f-8097-b9b70ace2313</PluginTypeId>
      <PrimaryEntity>mshied_coursehistory</PrimaryEntity>
      <AsyncAutoDelete>0</AsyncAutoDelete>
      <Description>Microsoft.Education.Core.Plugins.TotalStudentsEnrolledPlugin: Delete of mshied_coursehistory</Description>
      <FilteringAttributes></FilteringAttributes>
      <InvocationSource>1</InvocationSource>
      <Mode>0</Mode>
      <Rank>1</Rank>
      <EventHandlerTypeCode>4602</EventHandlerTypeCode>
      <Stage>40</Stage>
      <IsCustomizable>1</IsCustomizable>
      <IsHidden>0</IsHidden>
      <SupportedDeployment>0</SupportedDeployment>
      <IntroducedVersion>1.0</IntroducedVersion>
      <SdkMessageProcessingStepImages>
        <SdkMessageProcessingStepImage Name="CourseEnrollment_PreImage">
          <SdkMessageProcessingStepImageId>{c3eeda5f-162a-ed11-9db1-00224820e71a}</SdkMessageProcessingStepImageId>
          <Attributes>mshied_coursesectionid</Attributes>
          <EntityAlias>CourseEnrollment_PreImage</EntityAlias>
          <ImageType>0</ImageType>
          <MessagePropertyName>Target</MessagePropertyName>
          <IsCustomizable>1</IsCustomizable>
        </SdkMessageProcessingStepImage>
      </SdkMessageProcessingStepImages>
    </SdkMessageProcessingStep>
    <SdkMessageProcessingStep Name="Microsoft.Education.Core.Plugins.CourseEnrollmentCalculations: Create of mshied_coursehistory" SdkMessageProcessingStepId="{66bf0780-212a-ed11-9db1-002248238de5}">
      <SdkMessageId>9ebdbb1b-ea3e-db11-86a7-000a3a5473e8</SdkMessageId>
      <PluginTypeName>Microsoft.Education.Core.Plugins.CourseEnrollmentCalculations, Microsoft.Education.Core.Plugins, Version=1.0.0.0, Culture=neutral, PublicKeyToken=31bf3856ad364e35</PluginTypeName>
      <PluginTypeId>4f616efd-4a95-416a-91d9-682ace85a180</PluginTypeId>
      <PrimaryEntity>mshied_coursehistory</PrimaryEntity>
      <AsyncAutoDelete>0</AsyncAutoDelete>
      <Configuration>&lt;AllowedCalcuationsRepeatIdentifierValues&gt;494280000;494280003&lt;/AllowedCalcuationsRepeatIdentifierValues&gt;</Configuration>
      <Description>Microsoft.Education.Core.Plugins.CourseEnrollmentCalculations: Create of mshied_coursehistory</Description>
      <FilteringAttributes></FilteringAttributes>
      <InvocationSource>1</InvocationSource>
      <Mode>0</Mode>
      <Rank>1</Rank>
      <EventHandlerTypeCode>4602</EventHandlerTypeCode>
      <Stage>40</Stage>
      <IsCustomizable>1</IsCustomizable>
      <IsHidden>0</IsHidden>
      <SupportedDeployment>0</SupportedDeployment>
      <IntroducedVersion>1.0</IntroducedVersion>
      <SdkMessageProcessingStepImages>
        <SdkMessageProcessingStepImage Name="PostImage">
          <SdkMessageProcessingStepImageId>{307b3690-212a-ed11-9db1-00224820e71a}</SdkMessageProcessingStepImageId>
          <Attributes></Attributes>
          <EntityAlias>PostImage</EntityAlias>
          <ImageType>1</ImageType>
          <MessagePropertyName>id</MessagePropertyName>
          <IsCustomizable>1</IsCustomizable>
        </SdkMessageProcessingStepImage>
      </SdkMessageProcessingStepImages>
    </SdkMessageProcessingStep>
    <SdkMessageProcessingStep Name="Microsoft.Education.Core.Plugins.CourseEnrollmentCalculations: Update of mshied_coursehistory" SdkMessageProcessingStepId="{9a5710a4-212a-ed11-9db1-002248238de5}">
      <SdkMessageId>20bebb1b-ea3e-db11-86a7-000a3a5473e8</SdkMessageId>
      <PluginTypeName>Microsoft.Education.Core.Plugins.CourseEnrollmentCalculations, Microsoft.Education.Core.Plugins, Version=1.0.0.0, Culture=neutral, PublicKeyToken=31bf3856ad364e35</PluginTypeName>
      <PluginTypeId>4f616efd-4a95-416a-91d9-682ace85a180</PluginTypeId>
      <PrimaryEntity>mshied_coursehistory</PrimaryEntity>
      <AsyncAutoDelete>0</AsyncAutoDelete>
      <Configuration>&lt;AllowedCalcuationsRepeatIdentifierValues&gt;494280000;494280003&lt;/AllowedCalcuationsRepeatIdentifierValues&gt;</Configuration>
      <Description>Microsoft.Education.Core.Plugins.CourseEnrollmentCalculations: Update of mshied_coursehistory</Description>
      <FilteringAttributes>mshied_courseid,mshied_lettergradeid,mshied_repeatidentifier</FilteringAttributes>
      <InvocationSource>1</InvocationSource>
      <Mode>0</Mode>
      <Rank>1</Rank>
      <EventHandlerTypeCode>4602</EventHandlerTypeCode>
      <Stage>40</Stage>
      <IsCustomizable>1</IsCustomizable>
      <IsHidden>0</IsHidden>
      <SupportedDeployment>0</SupportedDeployment>
      <IntroducedVersion>1.0</IntroducedVersion>
      <SdkMessageProcessingStepImages>
        <SdkMessageProcessingStepImage Name="PostImage">
          <SdkMessageProcessingStepImageId>{59a208aa-212a-ed11-9db1-002248238de5}</SdkMessageProcessingStepImageId>
          <Attributes></Attributes>
          <EntityAlias>PostImage</EntityAlias>
          <ImageType>1</ImageType>
          <MessagePropertyName>Target</MessagePropertyName>
          <IsCustomizable>1</IsCustomizable>
        </SdkMessageProcessingStepImage>
      </SdkMessageProcessingStepImages>
    </SdkMessageProcessingStep>
    <SdkMessageProcessingStep Name="Microsoft.Education.Core.Plugins.TotalStudentsEnrolledPlugin: Update of mshied_coursehistory" SdkMessageProcessingStepId="{9eea316e-8729-ed11-9db1-002248238de5}">
      <SdkMessageId>20bebb1b-ea3e-db11-86a7-000a3a5473e8</SdkMessageId>
      <PluginTypeName>Microsoft.Education.Core.Plugins.TotalStudentsEnrolledPlugin, Microsoft.Education.Core.Plugins, Version=1.0.0.0, Culture=neutral, PublicKeyToken=31bf3856ad364e35</PluginTypeName>
      <PluginTypeId>3ccacb4b-f0a0-429f-8097-b9b70ace2313</PluginTypeId>
      <PrimaryEntity>mshied_coursehistory</PrimaryEntity>
      <AsyncAutoDelete>0</AsyncAutoDelete>
      <Description>Microsoft.Education.Core.Plugins.TotalStudentsEnrolledPlugin: Update of mshied_coursehistory</Description>
      <FilteringAttributes>mshied_registrationstatusid</FilteringAttributes>
      <InvocationSource>1</InvocationSource>
      <Mode>0</Mode>
      <Rank>1</Rank>
      <EventHandlerTypeCode>4602</EventHandlerTypeCode>
      <Stage>40</Stage>
      <IsCustomizable>1</IsCustomizable>
      <IsHidden>0</IsHidden>
      <SupportedDeployment>0</SupportedDeployment>
      <IntroducedVersion>1.0</IntroducedVersion>
      <SdkMessageProcessingStepImages>
        <SdkMessageProcessingStepImage Name="CourseEnrollment_PostImage">
          <SdkMessageProcessingStepImageId>{1def486c-162a-ed11-9db1-002248238de5}</SdkMessageProcessingStepImageId>
          <Attributes>mshied_coursesectionid</Attributes>
          <EntityAlias>CourseEnrollment_PostImage</EntityAlias>
          <ImageType>1</ImageType>
          <MessagePropertyName>Target</MessagePropertyName>
          <IsCustomizable>1</IsCustomizable>
        </SdkMessageProcessingStepImage>
      </SdkMessageProcessingStepImages>
    </SdkMessageProcessingStep>
    <SdkMessageProcessingStep Name="Microsoft.Education.Core.Plugins.SetPrimarySchool: Create of mshied_schoolenrollment" SdkMessageProcessingStepId="{a4dda4eb-ac2e-ed11-9db1-0022482c0f23}">
      <SdkMessageId>9ebdbb1b-ea3e-db11-86a7-000a3a5473e8</SdkMessageId>
      <PluginTypeName>Microsoft.Education.Core.Plugins.SetPrimarySchool, Microsoft.Education.Core.Plugins, Version=1.0.0.0, Culture=neutral, PublicKeyToken=31bf3856ad364e35</PluginTypeName>
      <PluginTypeId>68775c0e-5963-4641-baef-20e1e6555363</PluginTypeId>
      <PrimaryEntity>mshied_schoolenrollment</PrimaryEntity>
      <AsyncAutoDelete>0</AsyncAutoDelete>
      <Description>Microsoft.Education.Core.Plugins.SetPrimarySchool: Create of mshied_schoolenrollment</Description>
      <FilteringAttributes></FilteringAttributes>
      <InvocationSource>1</InvocationSource>
      <Mode>0</Mode>
      <Rank>1</Rank>
      <EventHandlerTypeCode>4602</EventHandlerTypeCode>
      <Stage>40</Stage>
      <IsCustomizable>1</IsCustomizable>
      <IsHidden>0</IsHidden>
      <SupportedDeployment>0</SupportedDeployment>
      <IntroducedVersion>1.0</IntroducedVersion>
      <SdkMessageProcessingStepImages />
    </SdkMessageProcessingStep>
    <SdkMessageProcessingStep Name="Microsoft.Education.Core.Plugins.TotalStudentsEnrolledPlugin: Create of mshied_coursehistory" SdkMessageProcessingStepId="{d61c49fc-6d29-ed11-9db1-00224820e71a}">
      <SdkMessageId>9ebdbb1b-ea3e-db11-86a7-000a3a5473e8</SdkMessageId>
      <PluginTypeName>Microsoft.Education.Core.Plugins.TotalStudentsEnrolledPlugin, Microsoft.Education.Core.Plugins, Version=1.0.0.0, Culture=neutral, PublicKeyToken=31bf3856ad364e35</PluginTypeName>
      <PluginTypeId>3ccacb4b-f0a0-429f-8097-b9b70ace2313</PluginTypeId>
      <PrimaryEntity>mshied_coursehistory</PrimaryEntity>
      <AsyncAutoDelete>0</AsyncAutoDelete>
      <Description>Microsoft.Education.Core.Plugins.TotalStudentsEnrolledPlugin: Create of mshied_coursehistory</Description>
      <FilteringAttributes></FilteringAttributes>
      <InvocationSource>1</InvocationSource>
      <Mode>0</Mode>
      <Rank>1</Rank>
      <EventHandlerTypeCode>4602</EventHandlerTypeCode>
      <Stage>40</Stage>
      <IsCustomizable>1</IsCustomizable>
      <IsHidden>0</IsHidden>
      <SupportedDeployment>0</SupportedDeployment>
      <IntroducedVersion>1.0</IntroducedVersion>
      <SdkMessageProcessingStepImages />
    </SdkMessageProcessingStep>
  </SdkMessageProcessingSteps>
  <EntityDataProviders />
  <Languages>
    <Language>1033</Language>
  </Languages>
</ImportExportXml>