﻿<?xml version="1.0" encoding="utf-8"?>
<ImportExportXml version="9.2.22102.194" SolutionPackageVersion="9.2" languagecode="1033" generatedBy="CrmLive" xmlns:xsi="http://www.w3.org/2001/XMLSchema-instance">
  <SolutionManifest>
    <UniqueName>EducationCoreBusinessLogic</UniqueName>
    <LocalizedNames>
      <LocalizedName description="Education Accelerator Core Business Logic" languagecode="1033" />
    </LocalizedNames>
    <Descriptions />
    <Version>5.0.3.0</Version>
    <Managed>1</Managed>
    <Publisher>
      <UniqueName>educationacceleratorcommon</UniqueName>
      <LocalizedNames>
        <LocalizedName description="Dynamics 365 Education" languagecode="1033" />
      </LocalizedNames>
      <Descriptions>
        <Description description="Education Accelerator Common" languagecode="1033" />
      </Descriptions>
      <EMailAddress xsi:nil="true"></EMailAddress>
      <SupportingWebsiteUrl xsi:nil="true"></SupportingWebsiteUrl>
      <CustomizationPrefix>mshied</CustomizationPrefix>
      <CustomizationOptionValuePrefix>49428</CustomizationOptionValuePrefix>
      <Addresses>
        <Address>
          <AddressNumber>1</AddressNumber>
          <AddressTypeCode>1</AddressTypeCode>
          <City xsi:nil="true"></City>
          <County xsi:nil="true"></County>
          <Country xsi:nil="true"></Country>
          <Fax xsi:nil="true"></Fax>
          <FreightTermsCode xsi:nil="true"></FreightTermsCode>
          <ImportSequenceNumber xsi:nil="true"></ImportSequenceNumber>
          <Latitude xsi:nil="true"></Latitude>
          <Line1 xsi:nil="true"></Line1>
          <Line2 xsi:nil="true"></Line2>
          <Line3 xsi:nil="true"></Line3>
          <Longitude xsi:nil="true"></Longitude>
          <Name xsi:nil="true"></Name>
          <PostalCode xsi:nil="true"></PostalCode>
          <PostOfficeBox xsi:nil="true"></PostOfficeBox>
          <PrimaryContactName xsi:nil="true"></PrimaryContactName>
          <ShippingMethodCode>1</ShippingMethodCode>
          <StateOrProvince xsi:nil="true"></StateOrProvince>
          <Telephone1 xsi:nil="true"></Telephone1>
          <Telephone2 xsi:nil="true"></Telephone2>
          <Telephone3 xsi:nil="true"></Telephone3>
          <TimeZoneRuleVersionNumber xsi:nil="true"></TimeZoneRuleVersionNumber>
          <UPSZone xsi:nil="true"></UPSZone>
          <UTCOffset xsi:nil="true"></UTCOffset>
          <UTCConversionTimeZoneCode xsi:nil="true"></UTCConversionTimeZoneCode>
        </Address>
        <Address>
          <AddressNumber>2</AddressNumber>
          <AddressTypeCode>1</AddressTypeCode>
          <City xsi:nil="true"></City>
          <County xsi:nil="true"></County>
          <Country xsi:nil="true"></Country>
          <Fax xsi:nil="true"></Fax>
          <FreightTermsCode xsi:nil="true"></FreightTermsCode>
          <ImportSequenceNumber xsi:nil="true"></ImportSequenceNumber>
          <Latitude xsi:nil="true"></Latitude>
          <Line1 xsi:nil="true"></Line1>
          <Line2 xsi:nil="true"></Line2>
          <Line3 xsi:nil="true"></Line3>
          <Longitude xsi:nil="true"></Longitude>
          <Name xsi:nil="true"></Name>
          <PostalCode xsi:nil="true"></PostalCode>
          <PostOfficeBox xsi:nil="true"></PostOfficeBox>
          <PrimaryContactName xsi:nil="true"></PrimaryContactName>
          <ShippingMethodCode>1</ShippingMethodCode>
          <StateOrProvince xsi:nil="true"></StateOrProvince>
          <Telephone1 xsi:nil="true"></Telephone1>
          <Telephone2 xsi:nil="true"></Telephone2>
          <Telephone3 xsi:nil="true"></Telephone3>
          <TimeZoneRuleVersionNumber xsi:nil="true"></TimeZoneRuleVersionNumber>
          <UPSZone xsi:nil="true"></UPSZone>
          <UTCOffset xsi:nil="true"></UTCOffset>
          <UTCConversionTimeZoneCode xsi:nil="true"></UTCConversionTimeZoneCode>
        </Address>
      </Addresses>
    </Publisher>
    <RootComponents>
      <RootComponent type="1" schemaName="mshied_coursesection" behavior="1" />
      <RootComponent type="61" schemaName="mshied_clonerecord.js" behavior="0" />
      <RootComponent type="61" schemaName="mshied_CloneRecordSVG" behavior="0" />
      <RootComponent type="61" schemaName="mshied_localizedString_1033" behavior="0" />
      <RootComponent type="91" id="{759b8ed4-cc03-4cab-a858-40eb63d111e1}" schemaName="Microsoft.Education.Core.Plugins, Version=1.0.0.0, Culture=neutral, PublicKeyToken=31bf3856ad364e35" behavior="0" />
      <RootComponent type="92" id="{5d1d17cc-212a-ed11-9db1-00224820e71a}" behavior="0" />
      <RootComponent type="92" id="{655e426d-8529-ed11-9db1-002248238de5}" behavior="0" />
      <RootComponent type="92" id="{66bf0780-212a-ed11-9db1-002248238de5}" behavior="0" />
      <RootComponent type="92" id="{9a5710a4-212a-ed11-9db1-002248238de5}" behavior="0" />
      <RootComponent type="92" id="{9eea316e-8729-ed11-9db1-002248238de5}" behavior="0" />
      <RootComponent type="92" id="{a4dda4eb-ac2e-ed11-9db1-0022482c0f23}" behavior="0" />
      <RootComponent type="92" id="{d61c49fc-6d29-ed11-9db1-00224820e71a}" behavior="0" />
    </RootComponents>
    <MissingDependencies>
      <MissingDependency>
        <Required type="1" schemaName="mshied_coursehistory" displayName="Course Enrollment" solution="EducationAcceleratorCommon (5.0.1.9)" />
        <Dependent type="92" displayName="Microsoft.Education.Core.Plugins.TotalStudentsEnrolledPlugin: Delete of mshied_coursehistory" id="{655e426d-8529-ed11-9db1-002248238de5}" />
      </MissingDependency>
      <MissingDependency>
        <Required type="1" schemaName="mshied_coursehistory" displayName="Course Enrollment" solution="EducationAcceleratorCommon (5.0.1.9)" />
        <Dependent type="92" displayName="Microsoft.Education.Core.Plugins.CourseEnrollmentCalculations: Create of mshied_coursehistory" id="{66bf0780-212a-ed11-9db1-002248238de5}" />
      </MissingDependency>
      <MissingDependency>
        <Required type="1" schemaName="mshied_coursehistory" displayName="Course Enrollment" solution="EducationAcceleratorCommon (5.0.1.9)" />
        <Dependent type="92" displayName="Microsoft.Education.Core.Plugins.CourseEnrollmentCalculations: Update of mshied_coursehistory" id="{9a5710a4-212a-ed11-9db1-002248238de5}" />
      </MissingDependency>
      <MissingDependency>
        <Required type="1" schemaName="mshied_coursehistory" displayName="Course Enrollment" solution="EducationAcceleratorCommon (5.0.1.9)" />
        <Dependent type="92" displayName="Microsoft.Education.Core.Plugins.TotalStudentsEnrolledPlugin: Update of mshied_coursehistory" id="{9eea316e-8729-ed11-9db1-002248238de5}" />
      </MissingDependency>
      <MissingDependency>
        <Required type="1" schemaName="mshied_coursehistory" displayName="Course Enrollment" solution="EducationAcceleratorCommon (5.0.1.9)" />
        <Dependent type="92" displayName="Microsoft.Education.Core.Plugins.TotalStudentsEnrolledPlugin: Create of mshied_coursehistory" id="{d61c49fc-6d29-ed11-9db1-00224820e71a}" />
      </MissingDependency>
      <MissingDependency>
        <Required type="1" schemaName="mshied_coursehistory" displayName="Course Enrollment" solution="EducationAcceleratorCommon (5.0.1.9)" />
        <Dependent type="93" id="{1def486c-162a-ed11-9db1-002248238de5}" />
      </MissingDependency>
      <MissingDependency>
        <Required type="1" schemaName="mshied_coursehistory" displayName="Course Enrollment" solution="EducationAcceleratorCommon (5.0.1.9)" />
        <Dependent type="93" id="{307b3690-212a-ed11-9db1-00224820e71a}" />
      </MissingDependency>
      <MissingDependency>
        <Required type="1" schemaName="mshied_coursehistory" displayName="Course Enrollment" solution="EducationAcceleratorCommon (5.0.1.9)" />
        <Dependent type="93" id="{59a208aa-212a-ed11-9db1-002248238de5}" />
      </MissingDependency>
      <MissingDependency>
        <Required type="1" schemaName="mshied_coursehistory" displayName="Course Enrollment" solution="EducationAcceleratorCommon (5.0.1.9)" />
        <Dependent type="93" id="{c3eeda5f-162a-ed11-9db1-00224820e71a}" />
      </MissingDependency>
      <MissingDependency>
        <Required type="1" schemaName="mshied_coursesection" displayName="Course Section" solution="EducationAcceleratorCommon (5.0.1.9)" />
        <Dependent type="1" schemaName="mshied_coursesection" displayName="Course Section" />
      </MissingDependency>
      <MissingDependency>
        <Required type="1" schemaName="mshied_schoolenrollment" displayName="School Enrollment" solution="EducationAcceleratorCommon (5.0.1.9)" />
        <Dependent type="92" displayName="Microsoft.Education.Core.Plugins.SetPrimarySchool: Create of mshied_schoolenrollment" id="{a4dda4eb-ac2e-ed11-9db1-0022482c0f23}" />
      </MissingDependency>
      <MissingDependency>
        <Required type="2" schemaName="mshied_courseid" displayName="Course" parentSchemaName="mshied_coursehistory" parentDisplayName="Course Enrollment" solution="EducationAcceleratorCommon (5.0.1.9)" />
        <Dependent type="92" displayName="Microsoft.Education.Core.Plugins.CourseEnrollmentCalculations: Update of mshied_coursehistory" id="{9a5710a4-212a-ed11-9db1-002248238de5}" />
      </MissingDependency>
      <MissingDependency>
        <Required type="2" schemaName="mshied_coursesectionid" displayName="Course Section" parentSchemaName="mshied_coursehistory" parentDisplayName="Course Enrollment" solution="EducationAcceleratorCommon (5.0.1.9)" />
        <Dependent type="93" id="{1def486c-162a-ed11-9db1-002248238de5}" />
      </MissingDependency>
      <MissingDependency>
        <Required type="2" schemaName="mshied_coursesectionid" displayName="Course Section" parentSchemaName="mshied_coursehistory" parentDisplayName="Course Enrollment" solution="EducationAcceleratorCommon (5.0.1.9)" />
        <Dependent type="93" id="{c3eeda5f-162a-ed11-9db1-00224820e71a}" />
      </MissingDependency>
      <MissingDependency>
        <Required type="2" schemaName="mshied_lettergradeid" displayName="Letter Grade" parentSchemaName="mshied_coursehistory" parentDisplayName="Course Enrollment" solution="EducationAcceleratorCommon (5.0.1.9)" />
        <Dependent type="92" displayName="Microsoft.Education.Core.Plugins.CourseEnrollmentCalculations: Update of mshied_coursehistory" id="{9a5710a4-212a-ed11-9db1-002248238de5}" />
      </MissingDependency>
      <MissingDependency>
        <Required type="2" schemaName="mshied_registrationstatusid" displayName="Registration Status" parentSchemaName="mshied_coursehistory" parentDisplayName="Course Enrollment" solution="EducationAcceleratorCommon (5.0.1.9)" />
        <Dependent type="92" displayName="Microsoft.Education.Core.Plugins.TotalStudentsEnrolledPlugin: Update of mshied_coursehistory" id="{9eea316e-8729-ed11-9db1-002248238de5}" />
      </MissingDependency>
      <MissingDependency>
        <Required type="2" schemaName="mshied_repeatidentifier" displayName="Repeat Identifier" parentSchemaName="mshied_coursehistory" parentDisplayName="Course Enrollment" solution="EducationAcceleratorCommon (5.0.1.9)" />
        <Dependent type="92" displayName="Microsoft.Education.Core.Plugins.CourseEnrollmentCalculations: Update of mshied_coursehistory" id="{9a5710a4-212a-ed11-9db1-002248238de5}" />
      </MissingDependency>
    </MissingDependencies>
  </SolutionManifest>
</ImportExportXml>